Year,Quarter,GDP_Growth,Inflation,Industrial_Production,Job_Market,Recession_Indicator
2010,1,4.941476706378827,2.160048358797332,-4.857230183141676,27.16,0
2010,1,4.529110702676108,3.9209597484059233,-2.1760288989417296,47.775,0
2010,1,6.42577610323634,6.087181383004074,-4.922160297310328,61.596,0
2010,1,9.867291015008488,14.688949371067745,-4.559077836024679,4.299,0
2010,1,0.0314090604812211,4.278176169799981,1.4253183533936635,69.909,0
2010,1,9.273551805862972,4.460899980929845,-0.873300559964588,55.832,0
2010,1,4.356447904565099,1.9567711491542703,-3.531983682460036,37.814,0
2010,1,0.6009641037817015,10.631988973592309,2.265857658264533,28.345,0
2010,1,7.297119064974222,2.633696664519245,-2.5249387143019595,11.172,0
2010,1,6.966951114367486,9.726823712721522,-0.2845987341183473,77.225,0
2010,1,8.579550909150571,14.534517931234497,2.699334359486862,61.981,0
2010,1,3.1755457986950173,5.29036680254602,-0.6109125979376113,88.163,0
2010,1,0.4529464361307744,10.990502758062105,-2.2091486384871653,30.05,0
2010,1,1.6590102437078624,10.859837463535372,-0.3750978959440667,59.147,0
2010,1,0.2468415722458461,3.1806727407446163,0.5605242427996089,15.122,0
2010,1,4.800473773100856,11.343503847243198,-0.5452231691665421,61.973,0
2010,1,0.8103861046505678,13.57442820254871,-0.3816556543939162,28.602,0
2010,1,9.767943728275862,5.193990623021227,-2.725091091309376,51.75,0
2010,1,8.040956696335929,1.695794517517652,-4.783520974127521,81.311,0
2010,1,0.6669388140544885,1.0688749897234184,3.972433251916417,87.217,0
2010,1,0.6110466761963229,5.924177790321932,1.662701369208477,26.461,0
2010,1,4.149604360796805,6.684582012332428,-1.396788623084373,61.186,0
2010,1,6.784911686505812,11.560379561403508,4.127010103571104,71.56,0
2010,1,8.223391114568475,10.82700632324784,-2.5400739992874577,87.816,0
2010,1,7.816325580532472,12.263479943168957,4.899806149891807,11.198,0
2010,1,5.2188432815794314,10.154651284665428,3.80548342338957,32.858,0
2010,1,6.9933946625264305,13.999941286745209,-3.588339668029703,79.544,0
2010,1,3.8473257650744497,2.229498233668275,-1.0184505541522504,6.034,0
2010,1,5.940494655668111,7.385363917942345,2.957066850948376,6.239,0
2010,1,8.624965074015854,4.003489321481577,4.507127499973624,5.506,0
2010,1,1.674597445179885,8.735932626127546,3.111060402001595,9.092,0
2010,1,9.308240749901142,8.727978997570617,3.978833777644819,61.391,0
2010,1,2.344994776740937,10.112964342973946,1.1131738705308134,19.713,0
2010,1,6.865139430432525,12.23031935783342,-1.7864889981027874,62.169,0
2010,1,0.1827506972350623,13.856146968999727,3.887464047516419,45.987,0
2010,1,7.0093536501799925,2.76329848944539,-1.569845234994034,7.743,0
2010,1,5.020081977391822,6.543666725464759,4.709771915891469,78.486,0
2010,1,7.251111599333161,8.448837657385251,-2.5719850017372483,10.485,0
2010,1,3.8048188549303585,1.9277350266617463,-1.2115038807781096,44.041,0
2010,1,5.109707430450621,6.16213501514521,3.838293234754854,13.707,0
2010,1,8.365308907609034,4.0800386059648455,3.9203011540978103,68.667,0
2010,1,7.074262751619323,12.765056501958735,-4.058303017527628,62.682,0
2010,1,3.3726689605422635,4.237480899314468,2.9508746066025964,48.724,0
2010,1,3.779940386261531,6.23661470372361,2.6943666160109627,84.947,0
2010,1,1.7191255772710434,0.4325449038255802,-4.65249918265954,62.949,0
2010,1,6.891210904957582,3.063579308547966,0.7965796367631608,85.097,0
2010,1,0.7530143359846975,0.5047458509853991,-4.557892560642994,7.318,0
2010,1,0.5248171009972757,10.843960083579054,3.926007897275405,50.553,0
2010,1,7.3000172108086145,8.379335052992841,2.6612175134513025,75.752,0
2010,1,8.45012237155776,14.995614567327465,-4.628192650587351,6.042,0
2010,1,8.217524169853904,14.328641524310155,-4.121336690680573,77.46,0
2010,1,7.863316553950405,10.469576863854204,0.8937637264811729,52.554,0
2010,1,8.776921788278482,3.62940953511744,-1.067693020271224,52.294,0
2010,1,6.618107285744247,13.912755235617368,-2.3420057807132744,50.547,0
2010,1,4.461492564571695,7.672215701825749,-1.015923178359678,32.55,0
2010,1,5.82533777440736,6.4574037514726506,-0.4997148798131263,48.805,0
2010,1,7.537201765621297,9.09303380415498,-0.5308421214305667,29.571,0
2010,1,9.28014236729381,0.9474079224620896,-3.82528059727141,43.315,0
2010,1,5.208857827006792,12.69841754941928,-2.3127253053520915,63.438,0
2010,1,3.452645520570531,7.680271900132036,-4.694316326523701,49.162,0
2010,1,1.8163142187882184,10.310616265466964,2.3049814610091826,69.704,0
2010,1,2.9689567426804295,11.921966322311649,2.054341850945512,58.313,0
2010,1,6.656505006259597,3.6010447966076797,3.3853490765373664,43.645,0
2010,1,9.206281367107758,8.066587369134652,3.47216167760015,13.931,0
2010,1,8.887524837502724,8.323003754987356,-2.3523282625524566,3.858,0
2010,1,9.720793354745572,11.96276110043829,-4.670924770190283,26.233,0
2010,1,4.729905936981527,11.583887469797968,1.3272838600756645,54.902,0
2010,1,0.1351364230618257,7.402962453489313,-1.7205043167851386,79.095,0
2010,2,9.030937278765382,8.746015266332154,-4.889715515008638,33.657,0
2010,2,3.714859436594342,10.61911373609992,-0.4369208834182672,15.835,0
2010,2,9.535350978515089,11.244214265816602,-1.2636534790727572,59.539,0
2010,2,0.0870614706254357,12.875541100794877,2.29426093982715,48.331,0
2010,2,3.1168982851504143,0.3884410537422772,-2.5153147558325797,54.524,0
2010,2,6.642017130717857,5.117239887295246,-0.1041240375695267,33.804,0
2010,2,5.200740611111504,11.692245253267927,4.178474228203521,37.841,0
2010,2,9.446657321710951,3.838088112183192,1.0300384042991153,75.644,0
2010,2,9.245224687318998,10.165223116765477,2.9169509920174663,20.829,0
2010,2,5.996275684599214,12.768917510430905,0.0216201076365338,89.472,0
2010,2,7.944808178535061,0.1886671872929307,-0.210060663606896,88.141,0
2010,2,6.169440273845019,3.8969162425674058,2.120293570544513,45.517,0
2010,2,6.791991512011694,10.05669997923764,-1.4149236880466622,44.163,0
2010,2,6.016821640182961,8.870275560798142,2.8725030266936287,58.535,0
2010,2,3.1658675990865115,12.629752920873395,-3.1961252403228713,17.62,0
2010,2,2.4950307968274177,11.479057861754354,-1.5646838850170584,13.977,0
2010,2,9.26916346331108,4.392193001057532,3.016056766130431,74.895,0
2010,2,1.3196531962396174,2.512057358250637,-0.2990404154848392,72.001,0
2010,2,6.448612228149799,2.032417783932672,1.427460460752794,56.648,0
2010,2,0.1838614215159728,8.56639743651772,-2.4075986460972985,9.861,0
2010,2,7.385058785105187,7.070497266117652,-3.524761658226532,52.949,0
2010,2,9.077354331775126,8.542147719945161,1.0722945029839073,89.284,0
2010,2,5.297139661083676,13.314124942409324,-0.4825824648455796,7.838,0
2010,2,4.52086596811366,4.886693156184274,-1.9575368851341537,70.938,0
2010,2,3.969479729342929,0.7284408494349254,4.2132296709681345,23.739,0
2010,2,8.01684293191305,1.7988278839069525,-4.196631334305124,75.123,0
2010,2,1.1645893048171252,14.891564797691007,-3.530395940961885,33.029,0
2010,2,1.4296087760075216,1.5855090581895104,3.0807766770062557,87.166,0
2010,2,9.940816546455755,13.027142268041544,4.421424822804047,72.205,0
2010,2,8.315407863376656,12.401136428637846,4.595725876290658,79.944,0
2010,2,3.197431954076949,4.390071686391362,0.2114890550509045,78.857,0
2010,2,0.6368476750251673,7.909795193997896,-0.9484232798305916,65.979,0
2010,2,9.865631141144105,3.193413819899902,0.2853986035628786,12.458,0
2010,2,9.59472182955412,13.357043609758348,-1.813956287173456,39.527,0
2010,2,4.512666140731144,0.5031880711823672,-4.501921224165781,27.198,0
2010,2,5.300624550517324,10.422413689921887,-4.349945105891937,76.271,0
2010,2,8.62076142576597,8.505491752518413,-2.3215507944108618,61.915,0
2010,2,7.528486558822063,12.097439191578678,0.5283035609239946,75.592,0
2010,2,8.080678171160226,0.2180120289898601,-3.1396593862872137,39.37,0
2010,2,3.39322835655711,14.319602410743473,-1.231440170158912,60.266,0
2010,2,4.014976105648763,9.928175820670369,2.966567349911429,53.918,0
2010,2,2.996686838414908,1.2658192184248058,-1.1061314533230782,49.052,0
2010,2,1.8378466510790117,14.1323687554499,-2.4077451285484175,60.3,0
2010,2,8.934047290879871,1.8394207496700987,-2.4840103023517477,9.895,0
2010,2,6.72755986246924,4.968124534927824,-0.5628473087976049,53.314,0
2010,2,9.062335194351386,7.129456107348836,4.48975664964901,36.062,0
2010,2,6.4038074664424105,7.013834227481501,-3.801066128551266,56.45,0
2010,2,5.9305618996735765,10.974065107792024,3.348619180663956,3.929,0
2010,2,4.754636061691205,12.04509045688502,4.709753298600601,83.88,0
2010,2,0.0714208176824504,2.6894435289007266,-4.3086666418251065,40.489,0
2010,2,5.619352535196633,7.191236979406529,-3.8359968216962415,26.439,0
2010,2,7.054900246731167,2.4090471964447353,3.6846257894747048,9.229,0
2010,2,7.6385650020021405,9.455965969122405,-2.431865189827609,74.257,0
2010,2,4.885424664402571,4.2804207899678195,1.4533081282952178,74.602,0
2010,2,4.407390410842636,13.908096971862465,0.2639879586527343,58.744,0
2010,2,2.5896160502497523,11.223106775926912,-1.672294539508198,77.796,0
2010,2,2.056214876993411,3.219569443566429,-2.4411711395522486,67.544,0
2010,2,2.750247724877978,2.9540023116130536,-0.7067995714582338,76.502,0
2010,2,2.17748704834022,11.094119535002058,-4.153728044799097,36.864,0
2010,2,2.7143086427605323,8.07101326102234,4.55861680374738,33.353,0
2010,2,8.581389250266543,8.353208852219487,-3.638635596494887,18.409,0
2010,2,8.441858958240816,2.8805047854224424,-3.4217301870020145,51.426,0
2010,2,8.02249179235114,10.53626292225547,2.5244200644805312,85.99,0
2010,2,5.574409671635999,13.955499868522942,0.6152459877314511,80.608,0
2010,2,2.155128575477688,0.2221329169893771,4.359731082094676,54.827,0
2010,2,3.4218640575865744,9.032531540833247,-0.3800049263579188,32.272,0
2010,3,9.250471753430144,9.009099437807738,-4.274529870133481,10.894,0
2010,3,5.015756999179484,13.369709034096836,0.8388982337204842,56.629,0
2010,3,1.555714368693023,3.489057932231339,4.639437342689433,37.626,0
2010,3,1.9072598759089463,2.8489914934553875,2.09905045779608,21.68,0
2010,3,5.472375204206431,1.750336799038497,-0.607894890681254,33.346,0
2010,3,0.1582317199682081,12.384051373605224,2.130168357337789,49.413,0
2010,3,5.227601415618698,0.900122888835177,-3.422963787405081,25.354,0
2010,3,8.898837264734865,5.343748419056701,1.5980270140031658,31.756,0
2010,3,5.732231944495915,6.340538542907591,-3.3482700048155225,37.747,0
2010,3,0.5552503280915055,3.9154258730377216,-1.74292664913001,24.106,0
2010,3,1.6488477656513845,0.2593206714504481,0.546991765833158,39.587,0
2010,3,4.235479159918963,5.478418893853229,-0.3360638263961943,85.168,0
2010,3,9.281018355097864,7.612636417039972,1.229728876880957,44.495,0
2010,3,4.441152464963323,3.009481352198602,2.283861861007325,13.108,0
2010,3,5.474714898623186,5.343921731894386,4.634842786561725,59.234,0
2010,3,4.596508196595725,4.22687471263899,1.8688607838175653,22.984,0
2010,3,2.5108010366516775,0.4942180236829496,-0.8388145556814006,57.808,0
2010,3,1.2200741357688905,4.245009531436166,-4.369053188167843,45.616,0
2010,3,9.24254274603116,8.574415400417482,3.6778204439276343,83.876,0
2010,3,4.989711169137659,9.359392641480214,-4.288447441174189,58.175,0
2010,3,8.595563969179368,2.021208976963611,0.3858338585420338,47.608,0
2010,3,5.235635795298558,13.726250000371122,-0.7259557277239912,20.667,0
2010,3,2.778451632065655,6.579171539094656,1.4456315463182214,58.097,0
2010,3,2.2669065207492367,8.642389947389493,-2.0990773504925206,62.538,0
2010,3,6.103774953183276,0.8437004147275873,-1.6638510902231851,86.197,0
2010,3,0.4697299109813979,7.435361553430708,0.6784096055172126,42.916,0
2010,3,3.1904507433223985,4.143584124347154,0.3182351081080519,10.048,0
2010,3,0.6737687152192573,2.93619044322248,-4.968257018154968,88.488,0
2010,3,8.077178199814796,10.134660957973328,-1.2180531691891971,52.744,0
2010,3,1.7159636706519,13.237052924147031,-2.753612235708909,44.025,0
2010,3,8.17623378304486,0.0978811564333048,-1.7367974267840736,14.377,0
2010,3,3.0770281338984384,8.4580054783765,-0.1790648120528573,33.783,0
2010,3,7.608859776715096,10.058107597591365,4.471691917057596,82.345,0
2010,3,4.112040672118541,12.20423588971079,-4.401253732786143,62.534,0
2010,3,8.20324088147201,8.622585567898124,1.7291782428697644,27.265,0
2010,3,1.9934548947118311,5.756868838602711,1.4483859602019642,49.408,0
2010,3,0.8710928946143404,1.4256036097742912,-2.6991409157999815,8.443,0
2010,3,5.313568317526952,10.324961434990152,4.128388581939751,41.549,0
2010,3,1.1423713859139584,13.39446887557241,-1.1911487789123152,53.511,0
2010,3,0.1055112245018985,10.364270494019337,1.6064788913856765,51.503,0
2010,3,1.6059369504330856,10.630212577678575,1.2003160767823475,49.235,0
2010,3,9.45371649614778,9.599345776718556,-2.0268229048795305,35.399,0
2010,3,6.90123117682008,12.487480514789494,3.4757402979026253,51.061,0
2010,3,0.0270814982045208,13.072608202359522,-1.3007190469434136,60.298,0
2010,3,0.3875693555418247,2.441641515380532,-0.967705273192042,33.268,0
2010,3,2.6555759801241363,9.920405904919583,3.0402278951913093,4.865,0
2010,3,4.640004281964263,14.481160490529174,-3.771600211428958,82.852,0
2010,3,4.636220743434498,11.639652747228634,-1.64890139963056,38.561,0
2010,3,6.837882008898745,7.008620166132557,0.8375418878306995,35.532,0
2010,3,4.69059744390119,0.9579956001153578,1.5205987599462478,80.223,0
2010,3,8.400188319206984,9.985731528857109,3.2213920910010287,47.621,0
2010,3,4.740762641078576,0.3944659002700285,2.066836957051236,85.593,0
2010,3,8.75685127586106,3.915429979401739,3.93029958085968,10.312,0
2010,3,9.117278483416326,14.07542400444026,-4.939166890850407,30.262,0
2010,3,4.868282119412369,7.908389673757251,3.1787663788808995,47.153,0
2010,3,4.56508855341533,0.3076740453508425,-4.040442450534101,37.93,0
2010,3,4.683005914563852,6.421850517275621,-0.8523564095380074,73.779,0
2010,3,2.206990747853351,3.0907284031933497,-0.5999368140064734,27.061,0
2010,3,0.3151304308221159,11.60211026734152,3.443654912130965,85.488,0
2010,3,7.013635603104414,10.5292080017971,4.678002467430076,70.228,0
2010,3,0.8379097254826162,8.387788199697725,-3.934883629681986,27.691,0
2010,3,1.9167131883027433,14.875491915278438,-2.6815484345003373,68.126,0
2010,3,5.053536682378262,9.612812046234,3.0325907167895174,72.549,0
2010,3,3.54154196759495,9.37719137600031,1.1914713604919005,11.177,0
2010,3,4.151556760573104,3.5547047758347707,3.799054333077924,71.772,0
2010,3,8.995127650963099,4.772449056339814,1.4837307571806138,77.525,0
2010,3,6.0679289582133675,4.168003502158412,1.1793445551129365,3.719,0
2010,3,3.839470089041552,14.021984545102493,4.8574470201002935,76.285,0
2010,4,9.584978356677402,3.1358719317129924,-3.113794809573689,50.969,0
2010,4,5.287244190984357,9.481836426735349,3.0903269950733208,75.925,0
2010,4,8.328319018690758,0.7439026233012919,3.87562458412683,17.629,0
2010,4,2.8191904290472913,6.050464575395298,-2.5118368466177787,10.837,0
2010,4,7.416026194517855,13.528643576233332,-3.12649582337573,43.118,0
2010,4,7.628933355543641,8.783419402461703,4.217892331085261,25.706,0
2010,4,6.700325378075668,10.941231730898108,4.306625039671307,12.179,0
2010,4,6.107707306850386,13.117126549254635,0.871791281356967,61.171,0
2010,4,3.658858095568805,10.225872756185131,-2.4355598253681188,45.771,0
2010,4,3.5041325001019743,4.007478938819848,4.4163485207336866,9.123,0
2010,4,3.414252696042983,0.0615930434617267,-2.3171780446051216,80.015,0
2010,4,1.0705717855418606,2.613160126070865,0.7520829306280099,6.934,0
2010,4,8.730193940297161,0.2253381297084944,-2.4323048446208686,61.914,0
2010,4,5.573105753143085,11.215507710196343,4.944500885455845,36.282,0
2010,4,9.072489443564058,4.92906509219764,-3.281431302495351,68.197,0
2010,4,8.935945864501315,1.674538940940924,4.689228737187426,40.596,0
2010,4,7.12845995860955,13.905062401521125,2.542313233495487,18.21,0
2010,4,6.977163075532929,12.75644231518392,-3.2242799736838235,32.372,0
2010,4,7.514529444593436,4.387725305115466,3.429503901768099,85.298,0
2010,4,6.18772077041005,10.323283791116037,-3.833970335711992,4.908,0
2010,4,3.183040946923473,4.87058001387396,-0.5371333152564874,71.319,0
2010,4,4.741642962719864,13.082417279542597,1.809285366435028,74.031,0
2010,4,9.524153059966435,3.945387536141761,0.915095321349826,20.839,0
2010,4,1.8122556104970955,1.4098639412490304,-2.1026239947111067,62.204,0
2010,4,8.90138053446914,14.755977809955091,-3.551471727317559,59.869,0
2010,4,2.4380193771017957,1.4264047156609423,2.347080055736976,45.51,0
2010,4,3.150105071834246,1.2158934581640477,-0.853018816948719,76.41,0
2010,4,0.2461798384123859,10.99729534659878,-1.899595812685857,86.422,0
2010,4,9.316979736811687,13.988041287033358,1.528133668142431,52.25,0
2010,4,9.26205201884345,14.424468849379606,4.331358684062186,60.935,0
2010,4,7.463628843132415,2.1686956535937707,-1.4686220671882353,88.359,0
2010,4,5.454903404948357,13.447563764384922,-1.9725242952876751,29.245,0
2010,4,7.146956752357342,12.166308693003876,4.294257450265141,74.839,0
2010,4,7.963006634151322,9.717334572366536,-1.7623102433203384,40.748,0
2010,4,5.156765510770731,8.397830700517158,0.963854184032292,22.195,0
2010,4,9.236648375496529,1.8037647985610197,-4.371242178855123,66.652,0
2010,4,5.701816317546939,0.4001514391330879,2.190171545119348,48.113,0
2010,4,7.4869847843915505,6.544521357495264,2.2445837700933904,7.934,0
2010,4,3.887684128615969,8.664921550794954,-3.7327832904732294,56.52,0
2010,4,8.499464959451885,0.4556936993169375,-0.5102022593616029,54.389,0
2010,4,0.0776664215396871,3.993685490910051,-3.693892399638675,85.092,0
2010,4,7.36826455751504,6.353108658622623,3.3103952710712807,10.717,0
2010,4,6.938631618757323,6.61148702154812,-0.7067883306229472,16.105,0
2010,4,3.0581351128366396,7.184558421802071,-4.456338215598162,70.182,0
2010,4,3.4476976689987415,11.699406908105896,3.3909149865210537,77.667,0
2010,4,9.454948605595002,9.119365540254138,2.929124742166477,42.56,0
2010,4,6.161829652125973,0.6224895657856722,-2.474049068808666,26.674,0
2010,4,5.834262151440911,6.766339312002473,-1.5472550558142828,36.005,0
2010,4,8.183005094393819,12.214514755073816,3.9995140390642625,53.728,0
2010,4,7.889451239349268,5.630660308489797,2.762816640182929,61.855,0
2010,4,8.828231626784937,3.822048990475434,4.902378840873183,62.789,0
2011,1,8.013479918738085,9.905037457711911,-4.874049618305732,51.951,0
2011,1,5.797261570972248,5.349133693115792,2.2157652608502687,41.827,0
2011,1,2.9507234926430934,7.774780836437745,-1.5849288931595638,20.568,0
2011,1,2.6234296678094573,1.1268436523176384,0.6266954068430861,54.524,0
2011,1,4.4390383231991155,7.251033547845063,2.9406062588275494,7.26,0
2011,1,4.968955185000489,6.685376853701197,-1.1386360147142858,40.499,0
2011,1,5.046190246076955,12.951450217826508,4.593798543869475,17.962,0
2011,1,8.297228663216243,12.267759951222487,-4.788077537721472,32.692,0
2011,1,3.072389618477205,10.431160064545864,2.261821349464612,84.617,0
2011,1,8.157694046351072,6.603325893842477,-1.7755470981514607,19.289,0
2011,1,6.033341962120348,9.102398453828744,0.5469368564705777,47.985,0
2011,1,7.308796233222077,10.482505056690492,-0.3822963360372098,9.827,0
2011,1,8.08394882304023,11.840689884053656,3.2664180371348266,89.569,0
2011,1,7.230716360496689,4.3862262582637195,3.1951791871007114,56.987,0
2011,1,4.8564686533427714,0.758952805148726,-2.8781961743312667,86.911,0
2011,1,3.0630099688753756,7.68907579532382,2.485647184536268,83.732,0
2011,1,2.421746503474705,7.746665128542323,2.8322145705229858,44.249,0
2011,1,4.5220247910353875,1.9293609065878807,-2.3850709627238063,8.364,0
2011,1,8.029813013091038,9.79934311352044,2.2224857808425993,39.253,0
2011,1,9.172205918248627,1.6970390651103546,-4.4391983073632915,20.507,0
2011,1,4.802942587913558,14.99611908387139,-0.9225975307028058,26.731,0
2011,1,6.9619245030108985,6.816334787393117,2.062129859650655,79.024,0
2011,1,4.4527402476470455,14.86479254245028,-1.7416998006260551,13.015,0
2011,1,9.97518131172675,3.4610141490917816,1.225588033216443,54.087,0
2011,1,9.732608830304915,13.285528703107165,-2.541616623194823,26.354,0
2011,1,0.2404123736643781,10.968316648098694,-0.6206923615262916,86.378,0
2011,1,8.725199518293623,11.500578569952223,1.138958422079134,18.915,0
2011,1,7.181679475605137,5.50489900622921,3.83133062327458,29.835,0
2011,1,5.224968088905885,11.74975335329042,-4.2038374867256225,7.353,0
2011,1,4.492681584656367,13.90482712226693,0.1408687487927373,45.912,0
2011,1,1.2908619514246178,12.889992295856274,-4.269413539672185,52.028,0
2011,1,5.926960666428778,0.2796987962217434,2.398657995429174,34.261,0
2011,1,4.578049325592066,9.722201145734669,1.611179273455246,52.49,0
2011,1,1.0722239420848745,10.900057038873188,-4.400733517695451,22.861,0
2011,1,0.1767004479543388,6.719931820033022,3.789332184523058,71.835,0
2011,1,7.343500353352957,11.464860003100554,2.8019192946803164,83.442,0
2011,1,6.349297301177438,9.831235452042826,-0.3819346598038011,16.162,0
2011,1,2.9099938956466307,0.9136834030729064,4.587546162149037,42.278,0
2011,1,4.587051156675383,13.07799368776417,4.955480752882526,51.716,0
2011,1,5.2023196050402545,9.818492868353973,0.8911634382766218,12.013,0
2011,1,3.996580020857536,11.39581993021388,-3.4863904860805652,89.089,0
2011,1,4.178839966176096,14.769665540600494,-3.032098664082006,27.69,0
2011,1,2.89136718418761,6.446055133946677,-0.4191731032426951,40.499,0
2011,1,4.975164268744336,11.004327439319203,3.075555509993009,31.491,0
2011,1,6.640330331113176,0.6206157370088983,-2.4744545259139494,50.361,0
2011,1,2.4106434585673666,6.89224951575248,3.2309558029563377,37.245,0
2011,1,0.0126807691549024,13.15263797822637,0.0256697678939756,60.45,0
2011,1,7.672791775156301,6.065466449717214,3.72146859858875,34.0,0
2011,1,2.210715528139918,12.615674737688405,-4.049348767429395,26.508,0
2011,1,3.886309456071028,12.1078795560324,1.9368381497120504,21.165,0
2011,2,1.33650581410518,14.325343794175028,0.8589760335275685,29.72,0
2011,2,3.1219636821760366,11.028768244601904,-3.5844789052289396,18.784,0
2011,2,3.959615887476049,0.4568671210574521,-1.952771939470214,16.149,0
2011,2,0.252373458482642,7.867508613284647,-2.2124420053137084,69.236,0
2011,2,1.370894580787565,8.396935832696464,3.2049644465785505,70.525,0
2011,2,8.958841811926595,12.141412326942223,1.4864565906206293,17.242,0
2011,2,7.6812817838088225,12.882623751213904,-0.2643050142535363,86.794,0
2011,2,3.822522519774584,2.5825303282897365,-4.7952291663780215,34.449,0
2011,2,7.80189268482995,8.24142918432774,-2.6569490066282206,32.379,0
2011,2,7.242325476119492,8.065252826326507,-4.202614425705386,43.8,0
2011,2,2.9566503927161913,11.724531681648156,4.764900340442491,42.865,0
2011,2,8.936352533461337,12.877053788973944,-0.2701901862926412,29.804,0
2011,2,3.1798255134033493,8.030563089575915,-4.007711039173234,50.659,0
2011,2,2.6247058512126453,0.4460439194190391,-0.0322988687283647,81.411,0
2011,2,8.681692953265042,6.473764936762638,-4.51433346940704,37.062,0
2011,2,9.8403151427913,10.344577794883593,1.2617945292451471,53.393,0
2011,2,1.6950409186605864,11.01341701779125,2.467264372010316,33.085,0
2011,2,1.9575560640562464,4.075612782811394,2.1092963674788336,12.589,0
2011,2,9.918891959474918,9.458388515186074,3.0635528079358956,14.301,0
2011,2,8.078656456839813,7.50446811590988,3.974828847954246,25.778,0
2011,2,0.2075803212396421,6.808029299939041,0.2568605591950614,38.546,0
2011,2,7.593108551502052,5.829484355982585,4.619939098668226,84.071,0
2011,2,7.252870843545552,4.128541588966837,1.906680154387221,12.278,0
2011,2,6.242407369975181,14.661344215706215,0.8462200891335359,70.759,0
2011,2,1.3836820088819002,4.64593832626995,-0.9976524636234538,50.287,0
2011,2,1.4054712799554292,7.831897401482653,-0.3369701001810243,71.264,0
2011,2,4.753858553554824,13.965389894626014,-2.8305677459266407,88.203,0
2011,2,7.501532294315125,5.421979927477731,-3.440810640935441,3.445,0
2011,2,7.461796385522723,0.5431089223107743,-2.9554461858060312,12.678,0
2011,2,1.5485757407882128,13.048943435954904,2.5688360765303546,63.046,0
2011,2,3.1071532831144744,4.921045267284867,0.0201262439975042,8.776,0
2011,2,3.1138193989258434,4.79819365001645,0.937974594154256,3.693,0
2011,2,5.850351687186619,2.649645448057043,-1.4715588162649995,32.605,0
2011,2,8.582067909770299,3.8548760296642137,-1.8311444782772923,24.47,0
2011,2,3.477824030488872,14.28963196201292,3.083824312394494,77.31,0
2011,2,9.314789925966808,11.052076600814988,-1.7911860096335666,40.693,0
2011,2,0.7079143601117444,0.1961480126192227,-1.9458946902848504,48.778,0
2011,2,8.091948036567413,9.806467546398544,4.511122009762666,43.955,0
2011,2,4.319893714634409,0.5139168419025653,-1.0320711853434683,79.676,0
2011,2,8.330342639410699,11.766121749273056,0.5695612986073542,53.325,0
2011,2,1.8342364349795603,0.4616276738874014,-4.616925331603387,89.821,0
2011,2,0.9555910395833522,4.1785192980848915,-3.3990386234255543,9.774,0
2011,2,9.622129101159446,9.794890973125764,-3.2319833353593563,80.763,0
2011,2,9.728441586600225,8.88661133097689,-1.7647008582186108,41.912,0
2011,2,5.026301156212535,9.178561271509862,-0.9848374581539812,37.477,0
2011,2,3.4096656346248464,5.366773887626493,-0.964105292348524,44.508,0
2011,2,7.310103491394831,12.810245005031796,-4.303271355764123,37.88,0
2011,2,1.2369085061376073,7.39615064681361,4.682280509617435,47.488,0
2011,2,3.215330088383408,12.04148507193057,4.324054961466182,54.726,0
2011,2,1.100737601810572,6.421703546208625,3.2345080818957346,40.682,0
2011,2,1.1515578740287036,10.338924531989324,0.7869507871764654,52.574,0
2011,2,5.328471322832598,14.081401907456383,-3.991179719465403,85.627,0
2011,2,7.8057272582094,9.518024000491614,-1.6903709564155167,15.943,0
2011,2,0.767233994560228,14.83778362297175,-4.917992905723544,27.967,0
2011,3,8.581203942511035,12.49787489678181,-1.6086918451529728,58.262,0
2011,3,4.148151193889472,11.766084984126,0.5870699459609652,15.864,0
2011,3,1.9924595440831403,11.212694558737152,-1.8862455783667889,68.206,0
2011,3,8.696060824747775,5.85488668892332,-3.467038394846126,57.606,0
2011,3,2.1550075886755105,4.187161998334567,0.7773577016084197,31.83,0
2011,3,3.360070589901087,9.69547668185484,0.1508437617178506,75.126,0
2011,3,4.6568254176227954,13.099663098865925,1.8570722928607584,49.745,0
2011,3,2.956545416124853,3.4081151674800667,1.7189201563637262,28.574,0
2011,3,8.649626051152019,13.233086058404858,-1.5083961343425023,29.521,0
2011,3,8.561324990137434,14.996273451435666,4.310192758797044,21.744,0
2011,3,2.5393777192369615,4.116175815005628,-4.477544162991721,31.525,0
2011,3,9.37108944919677,10.787995433936503,-0.912589632418774,49.11,0
2011,3,6.481050345341234,11.100267002373192,2.4923633060246715,70.69,0
2011,3,1.350801462257607,7.826148386863719,3.184026474978234,71.207,0
2011,3,8.236064207981894,4.315776517350439,-3.688787904835001,77.134,0
2011,3,5.923013710620957,4.722075883808524,-2.495565982463963,22.192,0
2011,3,6.529496581378423,14.600914371540648,-2.1705243196266877,42.599,0
2011,3,8.332043565966744,2.4686721707025425,-0.8092531687455908,80.092,0
2011,3,5.504717771029405,0.8400346340850023,-3.702377665037356,8.717,0
2011,3,8.69937832897689,5.2357863669232705,-3.4563823010409966,27.437,0
2011,3,2.6447181666719075,1.9227766544864675,4.75068922598717,41.733,0
2011,3,0.1433090586700125,2.6412394954757437,1.5275975597612534,85.455,0
2011,3,9.9458198903526,8.696496861514097,-1.5356715102908414,5.985,0
2011,3,7.3017345331067665,12.495093228016293,-3.9674119056391746,53.946,0
2011,3,9.119595841996333,14.290092997486136,1.0138422276873094,41.227,0
2011,3,3.56571325950819,9.334749558728276,-0.4014891909956786,25.791,0
2011,3,3.9675505645552938,10.668987370656795,-3.670014129253608,72.278,0
2011,3,7.227846006215212,5.777439416588107,-3.5468354366337396,17.234,0
2011,3,6.71587742938926,10.045259586949088,-4.693945036630957,3.869,0
2011,3,6.633625340146814,0.5364936452240288,4.616667721824964,66.209,0
2011,3,7.288698044883412,10.195886940026371,-2.4608707532997185,34.275,0
2011,3,0.8426436615585109,0.9367129679626118,-3.5941516875110304,65.245,0
2011,3,2.4881902701993184,12.08689298937352,-1.8883303522856425,79.064,0
2011,3,5.066857908540028,11.607011228535509,0.9547900666567308,39.451,0
2011,3,6.172195829944581,13.659645237518182,-1.8132484626713428,80.932,0
2011,3,8.020382702828686,8.267120042921007,-4.157078115625865,40.632,0
2011,3,0.4699250100311747,1.6638034631220977,2.613886651049474,52.314,0
2011,3,9.968091806811088,14.941330908967684,4.006565507683996,41.25,0
2011,3,1.2464742899281334,13.462929335652968,1.1272205194175695,63.683,0
2011,3,2.3671530584486975,11.438566691873293,1.5363552271772898,56.046,0
2011,3,5.812154774893833,12.108164946381262,-0.5138674717032812,24.961,0
2011,3,8.147936675236586,10.038856388694724,4.0072581012398345,68.092,0
2011,3,1.1902130449314108,3.90094122063286,1.3306860986510705,20.332,0
2011,3,4.443956184510806,10.284045998173116,0.5671862573316533,29.534,0
2011,3,2.6779247452263375,14.29980120651383,4.314103277930599,28.407,0
2011,3,9.296496077013284,10.3628025650972,-1.4473278194266648,45.692,0
2011,3,6.431043526178502,5.029935111884032,-1.9840339255407649,63.76,0
2011,3,2.028532387278652,5.679635751061411,3.2245109097006637,26.212,0
2011,3,3.2857063273229423,0.1229748169644329,3.9180488608510218,61.397,0
2011,3,0.4807896848645021,14.808216822467118,-3.0164353175066694,61.764,0
2011,3,0.4619648320162883,6.5377253927041235,2.1219172825320403,78.852,0
2011,3,8.589323493247276,0.1239794691878759,4.990907677973107,68.435,0
2011,3,5.420270696663797,9.115636677478909,3.7324394574132103,31.639,0
2011,3,1.0626590479239584,3.9935024177670218,-4.31734134144499,70.539,0
2011,3,2.781121675538034,11.21615138891416,-1.5335956803680717,72.926,0
2011,3,2.8608992203126062,1.5311238714914688,2.7253479612663147,74.156,0
2011,3,6.205568470234586,8.800972910846278,3.357422452246526,85.607,0
2011,3,1.1201171306820568,11.899471150481023,3.0453259574312384,89.257,0
2011,3,3.02623182928755,3.9884286304089303,-3.956533866744394,83.853,0
2011,3,8.093695444369457,4.370765790310982,-3.997135275210943,14.394,0
2011,4,7.243444063295397,2.23213071777264,3.222111553077042,6.291,0
2011,4,4.152409723340405,10.993161793258476,-4.529609465852521,47.4,0
2011,4,7.362288825285502,2.107609546628899,1.3376765979849594,73.496,0
2011,4,4.6582575322312465,6.205993463704948,-4.457288146106264,47.864,0
2011,4,4.060118017061106,4.665105055063311,3.9657152496927743,62.954,0
2011,4,3.9570796357379256,8.904728776610412,3.3869724029505033,10.593,0
2011,4,0.4496144159155113,8.2464682689903,3.717977710246627,13.934,0
2011,4,6.56055021975704,13.883745137854078,-3.433526216363665,20.388,0
2011,4,6.00281460528037,5.184854033127889,-2.664581980736317,61.906,0
2011,4,6.099415585960517,6.106151690684704,3.0305621789117883,56.616,0
2011,4,6.475164648433632,13.327999327867271,1.219626241309765,77.335,0
2011,4,0.8273403962367076,8.983246421359757,-0.683491458156186,37.553,0
2011,4,0.0968688274096774,4.785658948092111,2.8666694887496273,61.65,0
2011,4,3.518050064103525,2.3052620371087023,2.699922812187041,56.494,0
2011,4,8.059789008675837,7.920711735056989,1.751894155116239,69.194,0
2011,4,4.423665331024188,0.0761821946359081,-0.1355338830895247,35.632,0
2011,4,1.4821746209932465,8.764795976440634,0.3877258611511616,89.15,0
2011,4,8.12258120990342,12.968120123731254,3.2805954273287625,50.796,0
2011,4,7.90014841559882,7.201617419284295,2.5006132414434727,80.818,0
2011,4,2.007709747566786,1.0797122769498255,2.1346194836649977,6.476,0
2011,4,1.135406423262867,13.423038010582797,-3.5727814603146193,87.814,0
2011,4,3.249227944066413,0.5276194729739492,-3.5586433601060485,43.857,0
2011,4,9.386648132933722,8.162747234652027,-0.0126963490806852,42.695,0
2011,4,3.669614070072005,12.752579178075711,1.3961712460235614,63.684,0
2011,4,1.3924684459410952,14.614574446657162,-4.264495210237208,83.972,0
2011,4,0.7091595948797924,7.840960170852819,2.052836240393124,86.625,0
2011,4,8.222281125770106,6.940317475317405,4.809065582901296,60.32,0
2011,4,8.76192478269556,14.393913075416108,1.0387798962408787,34.941,0
2011,4,3.2628215156894647,12.009959122879668,-0.8919073762565857,72.69,0
2011,4,4.765264708322373,7.59684565554771,-1.9904772358841183,43.376,0
2011,4,1.859615075574177,12.578238105371897,-1.0179003588200484,5.47,0
2011,4,6.202413542689121,9.68638766907049,-0.067565040665527,47.898,0
2011,4,6.332632016094104,8.564873569889677,-3.953621930723744,31.688,0
2011,4,9.240729888456832,0.2177264179141319,-3.839826128769968,47.134,0
2011,4,0.2002322973218762,1.1847089904934751,0.4691629278222127,45.801,0
2011,4,8.276751947812718,0.8472513600522308,-4.079025722094769,46.805,0
2011,4,7.211323573568237,6.8540827484737346,3.8716868829459106,25.258,0
2011,4,7.280122577961974,6.585622332317219,2.6749583350930717,29.022,0
2011,4,1.6975920139282652,11.90840042643108,-3.8517096827863058,29.445,0
2011,4,9.520956516529235,1.62254081326139,-4.351007827682753,22.693,0
2011,4,0.3739699040879729,2.970464199466405,-2.199467943834436,63.666,0
2011,4,8.568353497231763,10.95620629322689,-1.5664661358394802,33.569,0
2011,4,4.435633454985028,0.6089397795356011,-1.5192962913885988,78.723,0
2011,4,5.2155098391096715,10.0841824421112,-4.52601422068836,86.406,0
2011,4,5.0965645080376065,11.374539258157778,4.876711272334921,26.569,0
2011,4,9.088654063190036,11.904486213833714,-0.2656509676630652,44.887,0
2011,4,8.236455947530908,5.116414748811026,-4.867687208063818,76.246,0
2011,4,0.9055946760092048,10.558701391921618,4.370883981064962,41.108,0
2011,4,4.051080545878567,0.023691316168678,1.8422871088802548,57.017,0
2011,4,0.6892787813464862,8.815351913397283,0.5419369661539815,29.836,0
2011,4,8.160923529142615,1.6561424651508938,-2.369484859880627,86.91,0
2011,4,3.157434024840371,12.237828836185356,1.1280057213613084,13.249,0
2011,4,1.0949097255446216,5.372171717937083,-3.772895560698189,5.438,0
2011,4,2.222827666385853,9.727905402363042,2.560716102217615,87.225,0
2011,4,9.116329137084756,5.643021199427973,-3.3190941464702473,31.82,0
2011,4,4.234820092493328,14.139040507271204,-4.812156739128182,64.717,0
2011,4,3.4174884232592726,11.01110296508817,4.944310025427633,13.826,0
2011,4,2.3679758545618013,9.413340358059695,2.327688349999023,52.766,0
2011,4,3.058948132615199,3.5521939118065387,-4.075770830949298,88.837,0
2011,4,2.177248987989022,8.97846525237465,-2.5919648784538096,26.238,0
2011,4,6.370858888547155,2.371898544496024,1.63063049129192,16.872,0
2011,4,0.4951262970229353,10.32349916003474,-0.8821226079224331,35.326,0
2011,4,4.475028896995081,12.11948533891136,-4.737431811900939,53.5,0
2011,4,2.7416403767230015,7.808558164487601,-4.5117795807463,41.015,0
2011,4,4.532674607550213,9.956975880640025,1.1041186076057112,20.341,0
2011,4,1.875272229121666,2.83304074223323,-4.177064589820239,25.282,0
2011,4,4.838499700332233,10.691576902753567,3.797980573119195,16.894,0
2011,4,7.284224872994382,8.32508508501729,3.57200334324534,32.16,0
2011,4,2.3748604236219983,5.110002312326169,-4.509416325913568,70.857,0
2012,1,7.478385744120718,1.5936856270434074,-4.705236478755523,18.636,0
2012,1,8.266520574606403,11.944285244142016,3.415157240621232,70.982,0
2012,1,8.816156398779976,10.91344553148301,1.8876751595915149,84.664,0
2012,1,8.337919509188273,5.396841200728944,-3.3980358679455724,71.363,0
2012,1,7.151864547802412,9.117942361214707,0.8218073614463979,12.495,0
2012,1,4.708673562231768,5.6434406754178665,-2.4773091039915407,77.49,0
2012,1,2.52798444015773,0.856421407648259,-0.5051723789892018,77.711,0
2012,1,2.32055739701156,12.26682645884129,3.434791691255141,30.425,0
2012,1,9.351720867264934,6.4641200477749035,0.3195569878317661,78.532,0
2012,1,8.3506594545502,6.013232026918656,-0.3764439906533754,80.712,0
2012,1,9.91696073372452,13.302613542474106,-3.6735612554603447,49.057,0
2012,1,9.49899668246076,8.160449479418634,-1.4459459323766444,81.748,0
2012,1,1.3788526935601042,7.630259260261186,3.778047986089849,66.081,0
2012,1,0.5178588873281686,11.5534314847481,-0.2458376289598574,19.433,0
2012,1,9.015830052870676,12.01746100762738,1.305211422481733,36.978,0
2012,1,5.353679411816512,9.639419028163974,4.3249177977767985,26.758,0
2012,1,8.706338814834906,2.394491351601602,4.061090806470379,62.315,0
2012,1,7.803478627401585,13.299232334840331,-0.3907922708034039,40.538,0
2012,1,5.510509532949324,1.2410745523060736,3.511108258475547,7.073,0
2012,1,8.726550721760555,11.785037248167288,-2.289370098596363,76.158,0
2012,1,6.199685648741642,1.568442971315123,-0.4413349981956695,13.367,0
2012,1,3.191234898204626,4.393878051046843,-2.207347219590102,17.999,0
2012,1,4.66116292658489,8.350230790226302,0.313608316952668,59.251,0
2012,1,8.196095530657999,3.5129858968213528,2.415172523269903,14.969,0
2012,1,8.248537674871036,4.044515988288063,0.9942839211041852,66.059,0
2012,1,9.885399870457066,9.243810608562187,0.3629836579718652,25.699,0
2012,1,0.4142808881938775,6.657839867108541,-2.2526374870369903,50.972,0
2012,1,4.8987047671774455,11.304151972169809,-1.5635269155460154,81.993,0
2012,1,6.048394293625812,6.884545770980232,1.5878611768091293,87.946,0
2012,1,3.0880227534961535,9.056164328448848,-2.8873626769123204,8.38,0
2012,1,2.065810162217808,13.30413166324301,-4.821264691636841,52.948,0
2012,1,1.3228794765103824,11.094325269794924,4.246336775977031,62.321,0
2012,1,7.328591873318309,2.6946797379619754,-4.749848481091458,71.289,0
2012,1,7.440285803476767,8.697513574216355,-0.0792181346435398,19.447,0
2012,1,9.51396861979106,11.243991616811432,-3.3585225944099797,78.051,0
2012,1,8.443148641523825,12.837343606858555,-2.4756880589796006,13.052,0
2012,1,5.037083870840707,14.298557681718492,-3.652795549093364,79.497,0
2012,1,2.0705708338303284,14.740200730836513,-0.0538198488996775,25.097,0
2012,1,8.489238694760727,6.1194390330858965,3.0036065365659628,4.151,0
2012,1,4.991989468413318,9.501961788536589,-3.932861400062313,29.408,0
2012,1,7.448250755299131,5.185953782894969,-1.499286877250471,11.697,0
2012,1,4.459555450921018,2.5709746848712864,-2.3944403401355108,18.493,0
2012,1,4.642039489521267,13.70647504955698,4.257406324414193,33.493,0
2012,1,6.18290798754788,0.5383912678339864,4.22681434006612,64.292,0
2012,1,8.560010748931528,5.375438034867427,-0.5065694749817844,54.413,0
2012,1,6.851745132777806,11.10454589848626,3.15709270002073,37.189,0
2012,1,9.442088383461076,7.201352133600697,0.7944841924868973,67.042,0
2012,1,3.991261004449661,10.334999774828525,2.8363830214783654,30.597,0
2012,1,0.4705837946001889,7.813110549523286,3.5314531655859156,48.02,0
2012,1,6.095058910049832,3.603938767483972,2.2454067406098135,85.319,0
2012,1,4.475518551060619,10.563886117536295,-3.516521370810275,67.557,0
2012,1,3.35843487039316,7.03228437022862,-2.273229476055185,10.994,0
2012,1,3.018000558611551,6.209515477260812,-1.2184838670753892,69.457,0
2012,1,5.721719617837698,5.349326982390781,-1.623438311990605,10.806,0
2012,1,7.890961116487567,10.257645459680422,-4.153573927877487,25.505,0
2012,1,8.3839963809219,6.116088242873924,-2.1381375331586607,54.039,0
2012,1,1.4059191817336558,4.232333760542089,0.9165806552367036,31.634,0
2012,1,2.26277334143807,13.973474700118777,3.8682066734352176,69.103,0
2012,1,2.437082119043427,6.893993244573354,0.7045791528786092,23.221,0
2012,1,9.04452811562494,5.989892195872654,1.4451482443479646,88.835,0
2012,1,9.80261207816499,5.978489424000809,1.8388397344627017,27.154,0
2012,1,0.2747056251298485,7.6224568568726205,4.575272278108466,16.156,0
2012,1,1.5953995668842358,9.327368468856235,3.375193153647736,73.78,0
2012,1,0.5085342363582113,11.794827092041157,-4.314924326584476,52.6,0
2012,1,3.1645457653345765,13.562868113286418,-1.2494561311446386,56.095,0
2012,2,8.63641421296616,0.4928504661059452,-0.620360360374316,14.273,0
2012,2,1.1006328420111522,7.487547498939926,-1.4500495896164645,43.416,0
2012,2,1.7143417671054273,11.94677654306714,-3.312983571962543,33.486,0
2012,2,6.390321589149208,8.101189828832936,-4.22160846889486,65.425,0
2012,2,6.906797711480066,5.830121260064257,3.319900531103473,24.818,0
2012,2,3.536966865807339,0.9201581172580204,1.025258901252534,55.664,0
2012,2,4.907650067123605,7.120816906923194,-1.4171053637611777,74.455,0
2012,2,5.587659446243976,2.9303844127291256,3.5918903872156935,67.708,0
2012,2,7.856431035291273,9.081667279580136,-0.957799561067838,84.548,0
2012,2,7.0408327132133905,13.383568733071597,-1.8204016834038228,46.048,0
2012,2,9.963982936790554,13.989595406998935,-0.8800601050782744,45.154,0
2012,2,9.149658650779688,12.459536470291338,-0.7575429679341994,20.401,0
2012,2,0.4149916718307944,9.150650181866272,-3.8549380353101856,21.288,0
2012,2,7.101326405645373,12.86646218679044,-3.69123666542313,72.854,0
2012,2,9.41532910284441,9.589432089981862,0.1767866823095722,11.657,0
2012,2,4.108570918404965,2.0742476010712156,-3.93440519532232,78.079,0
2012,2,0.7566110390411085,14.118220411810285,1.4711126097409457,21.991,0
2012,2,6.933351537347066,1.608702502437691,4.495867675645851,79.737,0
2012,2,5.004773158667182,9.43309716619958,-0.887476015211309,28.099,0
2012,2,9.976228222513852,9.842685543340306,0.7893717620535696,40.78,0
2012,2,2.217819781923186,10.816841341721494,1.651328601837255,74.054,0
2012,2,6.938055569674118,10.586385765554772,-0.6453447492802153,15.442,0
2012,2,4.640666894045047,0.1349798592488366,4.0882403096879685,9.094,0
2012,2,1.274856801402462,11.815152605036312,-2.4743144086231306,24.677,0
2012,2,0.920987541995898,7.627911476603588,-2.4234297700884486,29.19,0
2012,2,9.665475165520824,14.521683546091747,-1.3504281233177484,23.113,0
2012,2,5.2366341605461075,9.456264275720317,3.060821653949276,44.15,0
2012,2,1.2709624021843924,11.753758421143257,4.170781988654788,82.023,0
2012,2,0.2580939286318173,7.527603638334576,3.5508866390603604,53.998,0
2012,2,1.827511659874359,14.572745352062087,-4.340711106425177,28.688,0
2012,2,2.5361277085970824,8.23902740022664,0.5780268120914691,52.289,0
2012,2,1.6462051323650484,4.08360813759067,-4.5687221178117134,25.369,0
2012,2,0.1460899710888286,11.226095166075568,-1.8887931924035264,23.936,0
2012,2,2.6599769309265797,8.590242237850342,0.4359396846516947,89.246,0
2012,2,4.022237348471124,10.89745119506134,-2.409607898794853,74.246,0
2012,2,5.707614809590734,2.6611420518177353,-4.051292873248203,36.5,0
2012,2,2.81392982172163,10.613031566181656,0.24449394472252,50.28,0
2012,2,9.540422650780858,12.868756083653516,2.7142998899293636,20.216,0
2012,2,3.146289089351988,3.0511950329747255,-3.0381939306202135,64.196,0
2012,2,7.378804151687424,12.666035147857984,0.3937931802814312,88.641,0
2012,2,3.140438069184325,4.711647286340561,-0.8555206496452055,73.162,0
2012,2,2.1912606467080087,11.449614228183158,1.6100029882085298,4.071,0
2012,2,1.9287056868961427,11.177172147417306,-4.660286786670492,23.069,0
2012,2,2.7963631849320625,7.074128561116384,2.727441445464122,6.76,0
2012,2,1.7959978144009592,8.327395946852322,-4.867314591391249,20.23,0
2012,2,1.6459927369957472,1.6177989684346372,1.4159732934486495,8.305,0
2012,2,5.328270374013942,2.0031463425832676,-1.176738354397597,44.604,0
2012,2,7.192344190441467,11.718854306742784,-4.85771776270834,70.917,0
2012,2,2.0348799455531252,10.253886378328035,0.1243323256931514,12.432,0
2012,2,5.425733269659556,14.714794541980249,-3.1940379209527636,31.317,0
2012,2,8.518459258388878,12.944565409982165,-2.4611915387596808,32.815,0
2012,2,1.195308695470778,14.95697841237549,-4.005090663376274,47.735,0
2012,2,1.760247550411338,7.838592303927142,4.879929924466168,63.044,0
2012,2,4.312104848643289,13.479248114152062,4.681581662275162,3.637,0
2012,2,1.2461338567832736,11.804529726551133,-3.907384434091428,35.209,0
2012,2,6.21106324910203,2.2277613638567617,-3.2589075246676504,53.546,0
2012,2,3.3823096731728484,9.020804789726787,-0.2045887489377165,86.0,0
2012,2,0.7103742140334124,0.4743005735619593,-3.653408386155431,64.926,0
2012,2,0.0370240683241684,13.614245793378409,0.1432093239091134,89.45,0
2012,2,9.35424824448534,5.268657484249925,-2.8073429840741992,34.286,0
2012,2,9.644882250238542,7.534122968930811,-3.975996502039988,20.907,0
2012,2,0.0486840765550322,12.711092023938548,3.566530158063122,3.552,0
2012,2,6.352649873590809,5.49685381129787,3.903987890805519,38.765,0
2012,2,3.7700771195874463,10.3105869863671,1.9527890136741028,60.955,0
2012,2,0.1437295177777764,12.535823949718068,2.2392267119306544,18.523,0
2012,2,2.6623150149881027,1.7753115198988128,2.915750963929912,80.366,0
2012,2,9.344202168425138,9.891684880734571,-2.752358552246439,26.267,0
2012,2,0.5543298894123383,4.434574976694543,-4.82674028244303,30.41,0
2012,2,1.7053804889822588,1.6032794323359083,-2.5410206647351896,45.747,0
2012,2,8.773097361930356,7.84887769407986,1.6194958647989337,75.994,0
2012,2,6.726443435267901,2.780309635827743,-0.7666355753361831,51.359,0
2012,2,5.412037657712983,13.398999544006164,1.464305779920032,26.14,0
2012,3,8.525849549383427,1.578293328572546,1.9388068870832231,11.417,0
2012,3,0.6314029292739132,9.095791754745791,-4.201435754177435,27.315,0
2012,3,7.867083407073091,14.216543730482224,4.226231491291074,81.142,0
2012,3,9.492006931808914,9.058806654933411,2.9267748779462677,70.519,0
2012,3,1.2793692451178318,13.84753067631269,-4.383581165631765,82.622,0
2012,3,2.7136596353901057,10.445436487995458,-1.0601249228694485,66.281,0
2012,3,6.781138309542087,7.472980793425281,-2.820955301846151,31.451,0
2012,3,3.468859763643856,3.2740979817224063,-0.7824501971580391,84.443,0
2012,3,4.646131688089708,14.049919568770214,-1.30055867945532,15.941,0
2012,3,8.28488133895241,0.8732626811300948,-3.7237681376224674,80.989,0
2012,3,0.3593018218597299,6.2046684709154825,2.232294586055346,76.653,0
2012,3,2.136981415703284,5.626491079775249,2.9171616758427144,82.9,0
2012,3,0.5055918795953895,12.07249225944708,1.75404437135294,3.958,0
2012,3,7.680054353132096,0.2698219735858148,-2.004073444147844,24.803,0
2012,3,2.5358411699636916,6.826863465491542,-3.1227192450172634,71.993,0
2012,3,2.8783129885160585,5.821481030162357,3.773745205413914,42.222,0
2012,3,4.9259900522181415,2.868157766201127,-2.8871496243006223,23.396,0
2012,3,6.3341174024212705,4.6911167428260026,-0.1749440861788667,41.973,0
2012,3,1.7208603245262644,8.815271255925161,3.209096340706161,4.658,0
2012,3,0.3093088139356603,14.424030383623183,1.9848046781488735,14.023,0
2012,3,6.82652605044199,1.5679183181354133,4.321023654572215,66.805,0
2012,3,1.9453503316848408,12.119070450214252,1.0001447748063548,40.672,0
2012,3,0.8095373611568812,10.98662188695674,3.068993479196889,58.413,0
2012,3,9.285968815306385,3.0929561888280337,3.9539626764344327,68.074,0
2012,3,5.852968283343113,1.6655238453578929,0.5839211632867372,11.576,0
2012,3,7.268769061397716,4.914824455254234,-1.0016754064979496,67.723,0
2012,3,2.2071258594441865,7.465319393216582,3.2107222305701875,8.392,0
2012,3,0.5723669351680938,12.903799295995563,-4.414372894795217,28.236,0
2012,3,3.471921675622119,5.030073575223154,0.9031201049076164,50.878,0
2012,3,9.37639779957902,2.454360003153507,3.508026016495128,14.135,0
2012,3,4.446276579139047,8.311930743156845,4.975482216812411,81.771,0
2012,3,0.1191798297824209,7.315783024730543,3.9126264891539826,22.369,0
2012,3,7.59238979656995,13.454911172785108,-3.3147940785624064,55.147,0
2012,3,9.404971985130109,3.798112224635361,3.685064706853911,47.35,0
2012,3,0.1853123359433328,9.304329788828774,0.5847279161613494,68.836,0
2012,3,1.278118443603827,8.013706660805747,-2.5665611650987694,13.04,0
2012,3,2.50340267381386,7.542645929986302,-0.3947266886362381,66.83,0
2012,3,2.759488281571876,9.375401817154934,-4.461378855449035,19.08,0
2012,3,4.288843893947102,2.3713850592427317,-4.710194097500238,67.079,0
2012,3,8.80154732910259,10.344120285006118,-1.8223949317504573,88.096,0
2012,3,3.134773598464504,3.784184393652547,3.787501388344935,32.418,0
2012,3,0.4722487649475482,6.771115056503535,-1.2078809376436563,28.28,0
2012,3,7.178705805519286,8.604798044831357,3.892381375268256,80.233,0
2012,3,6.983379712794027,10.02732931475106,4.818772963526058,18.221,0
2012,3,6.720525405053619,0.2675068529043495,-0.0387830585855519,10.087,0
2012,4,5.99771314970498,14.990044199752564,-0.9337448245001614,37.72,0
2012,4,5.1292216477476575,2.843332628054107,4.871678396302045,44.247,0
2012,4,8.529819953305914,4.58634191268562,-3.81945492739948,78.138,0
2012,4,4.31112405097005,12.045557411512076,-3.906000745396661,67.538,0
2012,4,9.047663416801178,2.6681969319094287,0.100602285441437,88.895,0
2012,4,8.34590952595272,0.8988773298162217,3.821667244710332,46.578,0
2012,4,6.813530132413488,14.881121468870344,-1.6402969261948854,85.85,0
2012,4,4.5440315447995285,13.167709665248465,1.3694201061063025,23.243,0
2012,4,9.169420482009158,0.7402434554613191,2.8692810589666173,39.641,0
2012,4,3.4481760774616976,0.5463816495258023,-0.8316538477720634,87.218,0
2012,4,5.11638582519014,6.750778958308382,-0.4723187048859927,41.345,0
2012,4,0.1363402390582146,3.5888829412719585,-0.2251194953757229,10.019,0
2012,4,3.6467067623433658,7.169993175814671,-1.6691445190612706,54.33,0
2012,4,7.7151206199848765,11.40467476656636,2.283528374765619,6.487,0
2012,4,5.447722269827889,14.519546951549334,3.679644466821582,78.918,0
2012,4,3.4562499357640153,4.836747145659745,4.314221940862193,82.737,0
2012,4,1.483603372895168,9.641648250897974,-1.4598036196798878,48.606,0
2012,4,0.145671547512789,0.2027590754958008,-2.1532560805318237,20.58,0
2012,4,5.248999867258383,2.7475429114243894,3.093428287387024,37.022,0
2012,4,6.47457940745546,12.912162940301062,-1.1134399845648637,53.42,0
2012,4,7.315621195611339,13.389169920662203,1.0018194431432557,70.381,0
2012,4,7.689200445711684,8.361439188964797,1.960347322291323,4.333,0
2012,4,0.4331527325431195,13.256430231870478,0.3360510112230948,68.214,0
2012,4,6.940174141057421,7.595258299212185,-2.8477935473362113,12.754,0
2012,4,3.1326647658061035,12.15654878423438,-1.6527731308534808,37.725,0
2012,4,2.596032837084785,9.596628023556336,-1.3422848103697804,22.631,0
2012,4,7.502607940873155,6.671338473030188,-4.815427744600558,85.06,0
2012,4,0.8116422446371452,13.821290023144917,0.1549747597699049,21.857,0
2012,4,2.7944530731890262,14.043605817108048,2.3974994739048565,46.751,0
2012,4,1.2187950178138365,4.478218889732459,-4.9781590549444275,44.209,0
2012,4,1.1822241207245987,7.923399115907354,0.4895174135782714,44.908,0
2012,4,2.0699360124505817,1.5292882437041615,-2.7764698078968553,29.57,0
2012,4,1.191065358767163,5.982322903860861,-1.0474590023108237,84.088,0
2012,4,0.352151735255235,6.041642015224998,-3.8359714883425418,47.185,0
2012,4,1.9195543899572576,4.581491491318062,-3.4003708253234577,84.213,0
2012,4,8.472694099627239,0.2925397141578034,0.803321902579091,50.719,0
2012,4,6.883384115465648,1.470867728436864,0.96641405393735,11.046,0
2012,4,7.603282214041377,10.960261461311646,0.2238330542673514,4.46,0
2012,4,4.5796321448953545,1.2963694867085611,2.2291505292293534,32.404,0
2012,4,4.550756355203845,6.781327655084587,4.311311755688491,40.827,0
2012,4,5.241962710633073,14.338050649027792,0.4678712482828375,29.723,0
2012,4,1.3353423316074942,14.394392306845967,2.120545336912272,9.338,0
2012,4,3.86696449987462,5.362044682526123,3.419721187072957,54.761,0
2012,4,6.805606661388378,10.571933998879432,3.689637728482939,81.711,0
2012,4,1.4943625851829423,5.453372330224465,-0.979915283491386,75.022,0
2012,4,9.326022075036438,12.075223201771053,3.838922375411048,12.888,0
2012,4,9.682088408629054,5.909667433758653,-1.271296693191395,17.823,0
2012,4,3.614871498218121,4.615862840465565,1.4091677464407537,52.849,0
2012,4,3.2876012755444997,11.920208632662108,0.5377656259924821,70.695,0
2012,4,1.8898565997117511,1.8710416983251863,-3.871305823531779,68.524,0
2012,4,2.0071284291379223,8.026807615101074,1.3164448941149685,86.149,0
2012,4,7.565391672262408,9.49400820706567,-0.4684325569497352,20.404,0
2012,4,6.817854977884546,3.6237750100625017,2.1827283216182725,3.018,0
2012,4,5.088852551742457,12.379819272627506,2.286423237169002,4.069,0
2013,1,6.624839469416082,4.008880277205926,0.3011556503531531,51.465,0
2013,1,0.1714978191519811,4.041268339943575,-4.918537518057649,47.22,0
2013,1,9.761869749880836,6.169954354968552,-2.9022458622089187,58.438,0
2013,1,5.766140071297178,11.728988696823134,-3.474257756976212,45.844,0
2013,1,6.515156833288924,11.28518553797934,-4.253383553547759,24.506,0
2013,1,4.487788039946148,0.1652003750341119,3.420242180649508,10.398,0
2013,1,0.1517688228682689,9.05106318330369,1.8131318534788416,63.709,0
2013,1,7.500284121421911,10.727051652167637,1.4374853244292325,71.896,0
2013,1,1.5962490143216723,2.205224323496678,-3.6520217158052297,61.739,0
2013,1,5.474148403797258,10.35038735910982,2.5114724395144092,41.798,0
2013,1,7.563342695828866,11.285027669668274,-0.6519846623017225,28.061,0
2013,1,8.94265118256414,13.368011961027142,3.881899529641872,56.452,0
2013,1,1.3535543497328406,1.892296444317252,1.115765454794011,88.823,0
2013,1,5.299703410214206,14.42797311521998,1.575683057846124,15.651,0
2013,1,3.51542260049698,2.825775140023095,-1.4619716935602445,56.595,0
2013,1,4.515655866055751,1.928693677675037,-1.0003787541606224,48.076,0
2013,1,3.4985438418085444,0.1201221101067429,4.585653346436967,86.187,0
2013,1,7.070152942725908,7.960427846452821,1.4951049350192385,35.879,0
2013,1,2.0945576950951104,1.4108973034288308,-2.484544468670552,56.619,0
2013,1,3.281600723536078,5.593147638032668,-1.966300544279874,52.264,0
2013,1,4.772000794179613,12.627380465478938,2.3024416627025737,82.098,0
2013,1,4.6798046247804335,11.93680096764753,-1.3112090834072443,84.738,0
2013,1,7.110009619498112,2.43773467135673,-1.0605573530941537,88.865,0
2013,1,2.122856416685913,7.217822272126538,-2.4384911482625116,28.493,0
2013,1,8.784158630449618,8.114793532921254,-0.9200851653041306,20.705,0
2013,1,2.165791856272409,1.5870053913620985,4.232088358721901,79.313,0
2013,1,7.398678266004035,10.092825567145368,-2.5932725015471316,46.998,0
2013,1,7.83000231347202,14.27163958330998,-4.388282448340562,6.323,0
2013,1,5.1448960231203875,9.905802573013329,0.8830776938059071,19.119,0
2013,1,5.131898917098297,7.421313606535554,2.630606037630418,7.992,0
2013,1,6.68003250743014,9.762040352150697,-4.125509156311134,73.647,0
2013,1,2.359966059092375,8.806992023763014,-1.1941280510223296,47.069,0
2013,1,9.864874015717294,6.299080280223573,1.348361559792174,76.471,0
2013,1,0.9148751838745872,4.6327091217243,-2.3753968859931662,38.939,0
2013,1,2.324040462144131,0.8362439770549202,-3.455850556600076,76.098,0
2013,1,7.422987567339443,8.92249070831256,-0.3774475715589958,59.921,0
2013,1,9.981999076656177,1.1877961366293877,-1.56292907864382,22.109,0
2013,1,3.069310729812326,0.0203328674692326,4.226758285242411,79.905,0
2013,1,5.254451263621796,13.306597687780055,3.359844490934748,62.004,0
2013,1,2.8405838904042904,8.302354052982361,3.865866010603435,19.983,0
2013,1,5.128353624351421,7.276978615715022,-1.1930446432265605,29.515,0
2013,1,9.837350336757575,10.544213229253598,-3.1151195006136136,49.586,0
2013,1,6.643393666056823,13.804085532036115,4.023460564275865,11.104,0
2013,1,0.0074770837053106,2.770708643548248,0.997041365107446,20.221,0
2013,1,8.317246313050896,0.7782311639098832,-0.1937926638335607,76.967,0
2013,1,4.07937818367841,4.170731225000089,-3.4362638746669303,12.529,0
2013,1,5.208821784475111,9.252253265633628,-2.357560631877877,3.163,0
2013,1,9.083472102430097,2.670304864384055,-4.682108504448623,31.038,0
2013,1,0.8201074120818763,14.001615107562875,1.7111249837443587,72.015,0
2013,1,0.7662240199220272,12.036897230060555,-0.5947825601585341,62.965,0
2013,1,8.209192136130003,7.8404066106680546,-3.813275079281959,39.308,0
2013,1,0.3465070981401708,3.583570435013648,2.070960761611116,89.348,0
2013,1,9.146945603370572,9.358334147444555,-2.635262826336935,23.653,0
2013,1,4.500641704157582,4.154967276820741,-1.2310498311478622,24.395,0
2013,1,0.1531058662690543,11.84828606927764,0.4990838712716154,40.487,0
2013,1,5.619481099932393,11.786290858300994,-1.006046519564492,36.645,0
2013,2,8.884641099229206,7.625332313468884,3.791102238929648,48.999,0
2013,2,4.36419598729593,6.644265161218991,-2.136339321128414,36.556,0
2013,2,9.33571083457648,14.40327108574237,-1.8787172312189404,89.743,0
2013,2,6.030395550532833,4.301503163368255,-3.2055476241914693,85.201,0
2013,2,0.2052081472932521,13.879322921897328,-4.790679705079265,39.417,0
2013,2,3.0362393814384028,3.8805760548643,4.3254312608598,45.095,0
2013,2,9.38894960041275,10.092388328371264,4.719245507023352,43.67,0
2013,2,3.758050158460863,2.9700454546133024,0.1129802437048859,69.714,0
2013,2,1.9984127128193951,0.6515003585345619,-0.2351060264617377,9.647,0
2013,2,1.0585323587790885,2.353759080558407,0.1440386874618449,58.037,0
2013,2,5.2358648522145295,1.496453365542636,1.61382077844989,12.586,0
2013,2,0.2915518602208899,5.044621416206247,0.7977984256941584,62.303,0
2013,2,5.654199676077424,11.357836795229542,3.239803891570654,68.029,0
2013,2,9.482515377900793,13.625478906196223,0.302632256383486,11.167,0
2013,2,5.131830837567788,5.685087497672992,-1.1022468037771258,54.423,0
2013,2,6.627962742097217,10.40814802982424,-0.1492801443682623,78.519,0
2013,2,1.2736947344788108,11.613767215510066,-1.925674674521628,74.988,0
2013,2,9.75473028314022,13.538008239578632,3.51207385444744,32.075,0
2013,2,9.631590270650666,2.227247745079266,-2.9472832544934144,42.305,0
2013,2,2.7265064731248465,2.9266323003631505,-4.9897770040555205,36.149,0
2013,2,4.945211251204079,4.86913197145417,4.412581960424028,89.728,0
2013,2,7.359179535519887,12.323033668345293,-1.654790258567027,60.331,0
2013,2,1.5137117126327493,10.584890008109198,1.778686160577454,69.555,0
2013,2,6.360684203522257,5.614589901094869,-3.1612675927900877,22.45,0
2013,2,4.2815517303011985,4.324437068313845,-0.1824417027101859,57.435,0
2013,2,1.1582308223679427,3.427073638755356,-3.6766944387990863,83.543,0
2013,2,5.789653202958044,0.5632848009006841,-4.899263380067685,52.249,0
2013,2,7.117779449909495,11.658063710262782,-2.3267045163732316,47.2,0
2013,2,2.9800685719375544,10.598247034242403,1.2138460807382891,4.316,0
2013,2,1.1823839247214052,5.127984026435255,1.9654706428570403,70.439,0
2013,2,7.153810171786552,2.0064104261550324,1.6435395265938677,56.076,0
2013,2,4.874063031008076,14.788839884550264,2.3668587586936543,58.304,0
2013,2,3.929093356048933,4.268936918038777,-0.3688196604954967,35.4,0
2013,2,1.828645267548724,0.3382383229512964,3.299575091561822,25.369,0
2013,2,8.661837088690294,5.875133948033234,0.7651579048863777,29.401,0
2013,2,2.671440698706493,9.925399525372548,-1.609258515182237,81.206,0
2013,2,6.2151872403404855,12.03846801522936,-4.569978345554281,70.847,0
2013,2,0.6423857585712589,1.5887353444316026,-1.4454014811586138,76.133,0
2013,2,7.889270239488795,2.226025447293231,0.7871801059023795,31.774,0
2013,2,1.9022793082013756,11.14082245779626,-1.1606077696274109,74.15,0
2013,2,1.3773409888780863,1.3062307438714291,2.564454763675318,35.352,0
2013,2,1.923463631539151,7.449678185842567,0.3189095765909977,46.237,0
2013,2,0.4155984827225856,11.336868643279535,4.158906347367031,85.606,0
2013,2,3.416745738184541,6.8798693923855545,-4.659043021467298,3.125,0
2013,2,5.849308939787217,2.4239693393703177,0.2584963626381329,37.51,0
2013,2,2.020809360865208,5.965934634340836,-2.0027051527907513,16.372,0
2013,2,6.799717100893763,4.655971429437672,-2.847672678942673,60.23,0
2013,2,0.6167458362095746,7.448247204027469,1.1204962144815322,21.312,0
2013,2,3.155534744431109,13.902100636650609,3.93952260552547,59.165,0
2013,2,1.9446351918231377,7.395273127222547,-4.876116780962442,57.021,0
2013,3,3.8621199281703062,6.211972718686475,3.7985204803871593,51.086,0
2013,3,0.0571858136078928,0.3538795167119379,-2.0290378082691896,16.44,0
2013,3,9.611594157101653,3.0783013094110774,-4.473578873728389,83.303,0
2013,3,4.0655678380810425,3.8758897180555514,3.2782860706619275,25.277,0
2013,3,3.3748032567489816,9.941785991154951,2.0636877185030755,34.478,0
2013,3,6.466004439486619,2.24665697521354,4.021222382453876,78.503,0
2013,3,8.634657303414633,3.819925296486702,3.689513946008063,78.885,0
2013,3,9.686746055743573,0.1466907045864279,3.222747114729252,26.202,0
2013,3,3.130501450631469,8.034900925921681,4.643892566572601,46.908,0
2013,3,0.4305240271566857,7.15572337769032,4.90531905083818,48.852,0
2013,3,9.43174822961285,7.940859320213002,3.622096407532391,76.851,0
2013,3,2.5938840074319627,4.885533173665534,4.531671767711673,32.369,0
2013,3,2.085883677410507,9.920252098154933,2.4266071865642136,22.504,0
2013,3,5.007109258366713,11.929317735715264,-4.745528567049609,67.587,0
2013,3,1.291744452431104,7.016230130619954,-0.3422980450207245,48.153,0
2013,3,0.9954651280877512,4.091908390497687,0.1203161869148967,5.413,0
2013,3,2.542612314448646,8.322386947549592,1.6777722644576132,12.241,0
2013,3,4.74434893620735,10.251517305808756,2.9546192122146735,30.848,0
2013,3,3.311464891641498,4.572572538844004,-2.047393699140261,76.185,0
2013,3,0.679732998194037,7.458612718209652,-1.7274969209418298,48.33,0
2013,3,5.685522556046121,9.16439249148382,-4.795079531220256,51.281,0
2013,3,8.85913995497425,8.138631788033702,2.1002934767522907,75.949,0
2013,3,3.8593951093692738,5.566591366493085,-1.2115253514944504,71.235,0
2013,3,4.281839398671728,6.665282941462425,-0.1812661605500976,42.729,0
2013,3,3.982805490890544,3.4697127339344025,1.8014284291167693,16.3,0
2013,3,2.215172721131058,10.784861352798496,-1.91433502411083,24.552,0
2013,3,8.950566039998332,7.192788556670307,2.278341625793717,82.833,0
2013,3,7.457176662047873,13.228549271451891,0.567687198974907,42.585,0
2013,3,2.3159902476389895,6.231585243894912,4.5583082968299,70.092,0
2013,3,0.5451192743782629,4.740070842995907,-0.189812201995382,37.247,0
2013,3,7.919356229637641,3.59563617363667,1.8862730229499816,64.897,0
2013,3,9.932651964297465,9.399879586370115,3.97763577519188,34.177,0
2013,3,5.166275918542754,11.79724551443859,3.607266622066303,39.68,0
2013,3,1.756720999559107,12.23231648370204,2.591063982990925,74.066,0
2013,3,2.0140630921335223,9.738431693114451,3.667885981502419,6.312,0
2013,3,7.658684256625316,11.76804778027343,-0.2490733151263811,79.574,0
2013,3,0.1944805036808117,12.545763534468383,-2.4596460155249167,32.236,0
2013,3,7.090015113263796,8.153094698626138,1.8447510187847769,41.56,0
2013,3,7.505984567441264,4.859689120651494,-1.865866351463299,47.789,0
2013,3,0.0679654858611178,7.097589774464347,2.6253511205402003,87.347,0
2013,3,9.99049498103645,6.099087795691434,2.8309867625014995,30.341,0
2013,3,6.212265304801673,14.98348930569258,3.869870695233198,84.163,0
2013,3,4.309837288482031,4.313301846313873,-0.4133917896201229,63.805,0
2013,3,6.301750848870414,0.3472015787251253,2.590520100671082,6.543,0
2013,3,0.631830968602265,4.522326230315391,0.8663331297301635,54.313,0
2013,3,9.175448945963447,1.518977714811145,-2.034904998578689,34.058,0
2013,3,3.5872701954609876,1.6739088715000077,0.2318306751821595,18.852,0
2013,3,4.626103032569784,13.663183572096656,-1.601041788381666,68.471,0
2013,3,7.299235192858211,5.002685304943002,-2.5347870416063167,5.315,0
2013,3,0.7040536240251416,6.725504031473647,-2.429943565257227,73.162,0
2013,3,3.029451678900839,11.92824879795574,3.8790183832832064,51.702,0
2013,3,9.644321795679808,7.009310372731801,1.2473285189561445,79.041,0
2013,3,6.686708848978929,14.660535911664535,-2.2740571362001463,73.624,0
2013,4,4.615229275886068,10.771526069340338,0.6412694376199646,75.663,0
2013,4,3.754411096679126,7.864724075101815,-0.3527519691932852,62.629,0
2013,4,9.423834540022767,14.396756796565722,3.322379415612284,88.695,0
2013,4,8.754056251218342,0.0240178132354323,0.0714388264038508,28.532,0
2013,4,1.2323257571632484,6.564694539864031,-0.7886414375750048,55.776,0
2013,4,5.1289705551880935,7.243178011737654,2.078621034542042,39.524,0
2013,4,2.370847085173401,6.846201595686365,3.008094946768324,36.053,0
2013,4,7.735527418648872,5.3850115211889555,-0.9964440573004154,20.587,0
2013,4,2.784707289275523,11.939476344009114,1.002530329335051,81.455,0
2013,4,6.95624652354058,7.84737001208974,0.1323857209645922,60.391,0
2013,4,5.430214308667641,6.580016580473632,1.4767000271197563,84.897,0
2013,4,5.7443675587220575,12.113043830969897,-2.0660385521421523,37.89,0
2013,4,7.451794953696144,14.036238922868256,0.0171281668849188,50.177,0
2013,4,4.20004074081405,7.634126715139294,4.776744141287075,78.829,0
2013,4,9.439282834764578,14.594424524280624,-4.132522321960259,87.544,0
2013,4,7.242545274991333,14.942455397553948,-0.9200563775184768,47.846,0
2013,4,8.05525913576057,7.290662977269813,-1.5889728619754195,26.574,0
2013,4,4.667280937679505,12.498145319367024,4.261426332629309,27.406,0
2013,4,6.139794562733938,4.901596472325678,4.262081744006837,46.007,0
2013,4,4.593314408005428,2.92582083354545,2.805205758696064,54.962,0
2013,4,2.7061999469359668,5.441506997062138,-4.469742289701893,43.204,0
2013,4,2.018418353637581,9.284027441451506,-4.80751036151106,64.794,0
2013,4,0.5097487702244241,0.8266445991100013,3.4692259955090705,79.023,0
2013,4,5.87697018287546,3.2418899752314334,3.894467583516771,52.592,0
2013,4,3.721202152416987,6.879748471216139,-2.1593953792028477,26.684,0
2013,4,8.25211371259631,4.688154783550833,-1.644590578134645,44.997,0
2013,4,8.533292165587877,10.215751675956678,-1.030880760133047,73.949,0
2013,4,6.249797483760352,7.252831010474573,-0.4119304573096443,44.4,0
2013,4,4.68789880506791,12.536746062819018,-4.3024298768798985,15.588,0
2013,4,0.6142512925983268,9.576826059782157,-1.8245434234466191,23.932,0
2013,4,9.158075833506722,10.213758189258773,-4.814416634764744,22.521,0
2013,4,8.646523546027456,5.71844929162315,1.5788393533653142,81.059,0
2013,4,5.815642044379887,4.384545698322563,1.4758558880180723,50.427,0
2013,4,1.368451665863568,4.916568087618283,-1.2772034319009196,37.621,0
2013,4,0.6310636911554623,10.731543049148106,4.659937424083262,71.458,0
2013,4,4.042416421070392,2.9621037552852454,-4.758881606736022,66.401,0
2013,4,8.60667821788885,4.658655233261809,-0.5301370985858211,9.678,0
2013,4,9.521439170763514,2.7697686884054646,3.606017498602906,38.069,0
2013,4,5.1386652571327165,4.406428095410795,-3.092456702567361,6.531,0
2013,4,0.020765176000812,13.012155352439589,-3.6337645690124782,56.544,0
2013,4,2.96537589620262,14.529579979504131,-2.99933262382434,16.394,0
2013,4,5.727605329550868,13.543149705944938,-1.3777163606133982,82.472,0
2013,4,2.542591609889305,12.667822969704822,3.191302215610012,43.868,0
2013,4,0.5469317457626766,7.21005168457615,-2.255479497951881,19.279,0
2013,4,1.4362137806881623,4.414406609831111,3.1645385560055814,40.463,0
2013,4,0.3440320845345823,0.9233501639999891,2.8696072698540913,8.969,0
2013,4,8.910216829672116,4.63178487528879,3.7072630665219553,63.526,0
2013,4,7.173727740629734,2.1625172372707424,4.541306030575752,38.732,0
2013,4,1.3067263041326238,0.1090921154101393,4.5845035645245815,85.162,0
2013,4,2.9945772393425463,3.226808955690614,-3.2661071915867024,25.592,0
2013,4,1.3402489431899178,5.113245232385356,-1.3986831222612564,5.988,0
2013,4,6.673318496676933,1.4488302374179836,-4.688642620694305,31.022,0
2013,4,0.9664058416487142,0.3260825709556103,-2.8323613198959996,52.584,0
2013,4,7.631500577455612,8.656834048716632,2.862823072902253,72.353,0
2013,4,7.968615702761911,4.389133410594683,0.0974245004262064,65.355,0
2013,4,2.028731759142346,9.841667257172508,-1.7597204436615197,35.799,0
2013,4,2.793394852765595,0.4543983971943843,-1.52441672688398,85.504,0
2013,4,1.0483574720599131,8.947740010479462,-0.0828742650992797,38.8,0
2013,4,3.616073184253895,7.990674330584779,-3.3102784996210968,64.457,0
2013,4,1.416172449866172,9.655188539357468,0.97884936362599,47.035,0
2014,1,4.023349552373327,7.393444283769041,-4.404875574360256,11.177,0
2014,1,5.518771364211856,11.208542070593252,1.423089557910182,50.198,0
2014,1,9.389964220859776,0.5273548807275213,-2.3936654524299863,44.043,0
2014,1,1.395988673598001,12.794163050764396,-2.508255027576335,62.612,0
2014,1,0.1675630449238241,1.5913766941936376,2.8924378935213015,18.231,0
2014,1,9.760326986002038,0.3158667533448006,1.2459725152015435,18.389,0
2014,1,6.728471334885447,14.973510387430805,-0.1122061177033391,53.396,0
2014,1,8.375308340760556,11.484785050577743,-3.5450855275217363,23.917,0
2014,1,9.02705510445356,14.761783257393558,1.7864943718286668,70.115,0
2014,1,3.0752979549045634,6.982584997912196,1.6719034464256088,74.778,0
2014,1,7.7044722107398975,1.0971376421742591,-1.172056918546498,30.256,0
2014,1,4.6991537203359535,5.6031044447144325,-1.3201492281321334,9.376,0
2014,1,3.0697228220901818,2.2718643360062174,-0.8261287229945342,14.164,0
2014,1,5.892146143478555,11.083924441964324,3.4750062037634173,13.006,0
2014,1,3.305610023062908,12.881135947699615,-4.744210168048318,47.87,0
2014,1,7.144141014704978,11.544632458254815,2.802593309204779,31.756,0
2014,1,1.2537534923387328,5.065787168433256,-1.7770252659709151,57.281,0
2014,1,7.726709881281666,13.123458518968894,3.253015623427146,21.225,0
2014,1,1.3762973439836137,5.130339963719725,0.2481675036474122,39.366,0
2014,1,1.8245804065249005,12.369395292013394,-2.7504995612296614,16.698,0
2014,1,0.5377231166198337,2.183512647498536,2.143482754022047,23.156,0
2014,1,4.017931351094245,2.3464037823242863,2.306369212628775,78.561,0
2014,1,9.812415974554622,4.748970906158536,2.121180563341353,59.625,0
2014,1,4.386475002460548,5.993977674313019,1.3259326830499705,25.836,0
2014,1,8.364209229856396,5.437645969831854,4.488638458947966,39.775,0
2014,1,9.807938054145849,1.05552161859044,2.22021143360029,89.717,0
2014,1,4.502824838315258,6.118239152954747,2.6350208472036627,51.017,0
2014,1,5.53558532662358,5.27068450137163,0.9143015889901064,84.785,0
2014,1,1.0815501457335674,3.8932564990962386,2.5294288768363726,78.246,0
2014,1,4.568178045561352,11.665205644123391,-0.58151912826143,85.945,0
2014,1,7.1907562051081175,2.0173515974325347,-2.8859981543909994,16.155,0
2014,1,6.254780604246614,7.4932305192956274,-3.215159256529152,73.99,0
2014,1,0.0877721194792946,9.890254546488752,0.6168138936461034,5.106,0
2014,1,2.1515562162405555,2.027745812571451,3.3437786365640783,52.631,0
2014,1,2.716641913636555,5.4265500865947,-4.8253186972099735,14.226,0
2014,1,4.991864509333305,9.328716319258174,4.638428515938596,31.502,0
2014,1,4.36757817847075,6.29081747279529,-1.626071687512336,57.754,0
2014,1,6.057537305209344,11.996441141928596,-0.416229608613393,82.614,0
2014,1,5.4136263839613195,8.199384689148692,3.855238387531971,75.177,0
2014,1,2.081060345963728,4.641487064542249,-4.018811260994876,27.259,0
2014,1,8.3269374634942,4.397339133799527,3.851193209076459,59.049,0
2014,1,4.8923886142777455,5.77576018805425,-1.6735236466585404,4.982,0
2014,1,4.492745469566498,12.090175657327269,3.1657561335927955,49.313,0
2014,1,5.145617903482984,2.330149537650254,2.0229861963789073,84.099,0
2014,1,0.5080258968894225,2.2161948665694164,-3.9810935399660408,79.441,0
2014,1,8.664510632490416,11.557221796785448,-2.9466012066094347,7.897,0
2014,1,9.608294170801884,4.222644311585633,4.5770410700648725,9.59,0
2014,1,9.177726524944395,11.054944675905336,-3.1040450982330725,15.264,0
2014,1,4.036258952698971,0.9445711310055066,2.7873815692516413,58.618,0
2014,1,4.934799980728776,8.353876535853098,0.8373225016012489,41.938,0
2014,1,4.599816696781009,6.576597674422878,-4.2484143466191515,51.225,0
2014,1,3.6009963078211324,3.4032887220441728,1.3914473812314565,57.841,0
2014,1,9.550631871262365,7.583787467765964,4.240819340907635,87.834,0
2014,1,2.6266973533048454,7.683165252154271,4.754382898535706,55.32,0
2014,1,9.31659249759019,9.470661545931438,3.619440915809912,73.916,0
2014,1,5.201946077238856,6.771345054074555,-4.950275146776509,57.941,0
2014,1,8.635568029983098,8.498460048452106,-3.3139633861745765,51.776,0
2014,1,7.0319978477548695,11.867957431270474,-1.8831674315403868,36.4,0
2014,1,4.423354580502155,1.114973270405188,-4.317623168969592,58.775,0
2014,2,7.12777676216831,13.023046136684684,1.0420547986330415,13.872,0
2014,2,8.686396398234256,0.1517164749125371,-2.715910384325614,20.338,0
2014,2,4.507762838863638,4.667921067060138,2.3502319817817057,57.313,0
2014,2,7.736625648956657,0.8054561789896025,-4.4328004644826215,35.743,0
2014,2,2.172308864530108,10.352566059064982,4.864477260267364,76.634,0
2014,2,0.0534616085436445,10.951952816646374,4.985981679365432,29.832,0
2014,2,0.5439074852231118,10.818367012483748,3.251929348056901,48.693,0
2014,2,0.2496622212005717,6.736250890141701,-3.790002324879336,75.651,0
2014,2,5.844997955307902,9.448086002747685,1.709954611303159,27.942,0
2014,2,8.00073432076868,14.444369919729445,1.1561195192235898,36.922,0
2014,2,3.638096411409335,10.147082152386163,1.612333832618658,79.708,0
2014,2,5.59578854465342,7.545656213355321,4.529103135635097,39.523,0
2014,2,7.362398101338331,9.243609739959185,2.268635660178063,26.55,0
2014,2,0.0643521149679571,10.461717422464591,-4.065320630955565,18.032,0
2014,2,5.684648985079399,13.13643808288733,2.2164854425173584,9.015,0
2014,2,1.1570131818030216,8.4726215507614,-4.842640196264556,17.919,0
2014,2,7.618836118624439,4.8479137478606615,1.0363209989306652,89.778,0
2014,2,3.3210978330812457,4.647984741127271,-4.152713167096821,88.705,0
2014,2,7.972110725787628,8.894740514511481,-3.0108264048473323,4.476,0
2014,2,3.1370651205206523,10.369526540028431,2.376030960344221,80.937,0
2014,2,7.616758762136627,12.944460697132133,3.6676400229134383,48.037,0
2014,2,8.1527633109056,4.776779502087065,-1.3375881886638497,13.928,0
2014,2,9.946841651964872,11.36322589700057,1.7997854865076146,55.494,0
2014,2,6.737017335421564,3.945542663083954,2.436286786007466,8.833,0
2014,2,7.965085197237084,11.014649834746614,2.165536397789996,80.857,0
2014,2,1.805182283924236,2.2117890071235173,2.1903333878988747,28.476,0
2014,2,1.1120874733821873,9.898048002435583,0.8426820206450101,20.536,0
2014,2,2.859005337712024,1.3428029519526348,3.649939730295346,59.422,0
2014,2,5.498641783643982,9.79705099937783,2.4573831504118946,8.413,0
2014,2,6.5590331309839955,0.8131761630898959,2.4774038564169203,42.137,0
2014,2,5.738505979750267,3.36553763547729,3.0793184456271927,11.709,0
2014,2,2.5563909379536156,11.07526915681792,-4.613833943877491,36.741,0
2014,2,2.239245877965895,4.302236208105468,-1.3925225494479077,7.192,0
2014,2,9.93783975378172,14.009270078740776,1.716660572094705,7.782,0
2014,2,4.781589235558441,12.548285867544209,-3.9552701418406375,6.405,0
2014,2,0.722769475731766,7.22705163808412,2.31607944368524,87.845,0
2014,2,0.5378196417737791,4.057826702577699,2.0428426987927555,14.093,0
2014,2,0.9271481081026988,3.203509505042885,3.4245772771078755,27.4,0
2014,2,8.130627972141202,3.0707092139265195,0.3545830895934116,66.023,0
2014,2,8.696813233436627,1.9006910285135832,4.236893410218702,10.288,0
2014,2,6.252161250314382,8.636778163341173,4.1687482892381915,4.094,0
2014,2,8.957263555151146,7.140881542529954,0.7776306749770745,66.372,0
2014,2,7.069563184934227,7.055573510772998,4.808433682238984,57.203,0
2014,2,0.5271976633450115,5.402432298206873,-0.1155919328649988,59.738,0
2014,2,4.356720661222903,1.913647033750394,-3.980316310370765,51.707,0
2014,2,5.140233698765098,12.511673748994877,0.729936441135929,13.886,0
2014,2,5.270501564925637,3.8941593784981743,-0.3592971456876341,50.236,0
2014,2,8.931137413224725,14.410921323423644,0.0093869174989444,37.603,0
2014,2,8.183078176753028,3.8775085154939095,0.1861503163533404,6.801,0
2014,2,1.7735136165974286,1.755676090594892,2.3934433295530493,65.771,0
2014,2,6.111415232112462,14.520314418414426,4.095173164450527,32.251,0
2014,2,9.82256060936615,6.780656648697025,2.266047643776626,7.271,0
2014,2,9.335804560066894,0.4177466637413363,2.2186423989500046,74.435,0
2014,2,9.979774555582605,14.806235460089551,-1.7268681117031217,54.632,0
2014,2,3.414694066084424,2.80171210743556,1.1867670906886492,35.228,0
2014,2,1.1698304638525758,6.25579805554381,-4.758672213074464,89.687,0
2014,2,7.347592888493786,10.565294347081952,2.73276222666815,43.429,0
2014,2,1.9499673752101976,10.18870501986412,-2.6781521652970808,11.945,0
2014,2,0.9251662118309444,12.476372112033705,4.061117514466575,52.153,0
2014,2,1.4124369802655734,12.426668078315782,4.131846040910839,67.366,0
2014,2,8.918731300084099,6.027595285348812,1.505849866461234,14.34,0
2014,2,4.444409576714987,12.6138576566019,-2.8610426362520824,15.935,0
2014,3,5.142010400093392,9.506311307855045,-4.057596495227526,31.357,0
2014,3,0.7647995549931308,7.785325403678336,-3.406097342510789,67.054,0
2014,3,9.404192073007469,14.621547651306196,-1.4756405847342502,73.766,0
2014,3,5.899478828018088,9.029720294616787,1.679244735960847,67.141,0
2014,3,6.196159269449223,6.096094302014931,4.116182055034281,12.623,0
2014,3,9.129310047746898,3.66810664476449,3.650625299843604,6.061,0
2014,3,2.399893638699575,8.245269204848674,0.7527959485475,6.364,0
2014,3,1.893934178848461,2.3251300112513187,3.387045245338596,36.193,0
2014,3,2.3914254543452316,6.4787779671874315,4.039800090558408,3.982,0
2014,3,5.31661023764483,4.724280928781392,-1.6490756573165744,45.553,0
2014,3,8.843551504557535,13.550040097840578,-1.2991071993002912,24.788,0
2014,3,4.843911856008493,6.834384230328003,2.081699218355708,3.205,0
2014,3,1.1344081710391674,14.918912808329102,1.5025071964618997,28.287,0
2014,3,6.227322822928333,12.57529356073524,-2.345007827817178,26.01,0
2014,3,8.420156615067441,4.131448554592093,-2.312187018383959,23.114,0
2014,3,9.888355313891644,9.165351173128869,-4.663496678649434,73.035,0
2014,3,0.8764983619465327,5.345857489498563,-0.7560370725146424,71.456,0
2014,3,4.259377084669395,11.361376550599871,0.2001954628952376,10.549,0
2014,3,4.920544893824006,3.9763375312805422,-2.5516044919047944,27.832,0
2014,3,9.241077159112796,2.1423616573032387,-4.16154281995519,6.134,0
2014,3,8.37237218221818,2.918219545498669,-1.1691971866681494,39.668,0
2014,3,6.907263151132631,8.776167245598241,-1.0459498947029235,53.629,0
2014,3,6.757612928952238,14.944452063678389,-0.7536884020970911,4.776,0
2014,3,1.2757017457137088,5.042403866167798,1.2314736733595684,53.606,0
2014,3,3.616470948410445,7.3246446423876765,-1.6988820214475888,66.175,0
2014,3,5.978399868456849,11.33948773396872,-2.092080557781525,71.481,0
2014,3,0.8196573464366219,9.60290802805548,1.87502092804416,77.888,0
2014,3,6.766446348198475,1.6525818038044964,0.4094236000492692,38.545,0
2014,3,3.2588134261579036,7.0496765198669165,-0.0426620469753959,19.246,0
2014,3,0.4273960606195137,4.775280332040163,0.9520018090543764,28.972,0
2014,3,1.1555837668063174,6.892533998554762,-2.453906707046941,77.861,0
2014,3,5.6186378980951845,6.034121511471503,-0.6755264039478623,51.192,0
2014,3,5.519363610604665,8.995566201121504,-0.2780216138182467,61.434,0
2014,3,8.123261802470616,11.384936437360915,2.9216913622796445,29.807,0
2014,3,0.6250694151041081,10.39946202827238,-3.1284780740107,24.199,0
2014,3,6.667315298575898,5.280248737528174,3.9380854321663055,45.139,0
2014,3,3.2460916851016153,1.0376128575812578,4.635495993908506,8.849,0
2014,3,2.203190986219675,0.4848489798913546,0.083471749073432,51.648,0
2014,3,9.769655461266224,3.3572712908464326,0.6906699824208964,37.143,0
2014,3,3.693541300894323,2.4467201267501815,-3.980661946173915,72.585,0
2014,3,0.1666047124421599,6.350801236011928,1.36470708550097,70.113,0
2014,3,5.468811737874329,0.3340868260083579,-0.4139512032765813,26.641,0
2014,3,0.9177760647117584,2.6206288807317843,2.242098308133599,4.821,0
2014,3,2.8379794304154915,1.681477655261382,2.621084666974375,70.713,0
2014,3,3.3568240064284174,13.509991261629423,2.6807398581061994,44.048,0
2014,3,9.79803535380938,12.179722360285652,-1.9474637089955693,79.325,0
2014,3,0.839625634467267,5.345797177845423,0.873744001258089,6.078,0
2014,3,2.6066165483293657,11.292255391332146,0.779497408478429,86.114,0
2014,3,6.579494857816259,1.296686297600978,-2.780049549810244,51.99,0
2014,3,4.796250967444581,0.0889232300531722,-0.4955900457406681,47.838,0
2014,3,1.2558210271016068,14.2764827421349,4.674016302352298,12.182,0
2014,3,9.630941308978024,8.002821464714756,3.065626321304032,32.482,0
2014,3,6.723618579321943,11.187963575479994,0.8623867202989448,3.051,0
2014,3,1.1014228291896644,2.71791689203774,1.038473651812715,61.786,0
2014,3,5.217118013669183,13.128147066720382,1.586225089630943,49.904,0
2014,3,9.2666555388687,2.429507766044105,3.6181517614590746,5.599,0
2014,3,0.0395994301214275,11.36193785011033,-3.241901165894098,50.656,0
2014,3,1.024963291892128,9.13955578434761,2.801675222251225,30.937,0
2014,4,6.054117575075873,11.4366678290865,0.902311974063588,68.883,0
2014,4,0.7855783092372715,14.556578233261462,2.5298161729611675,84.526,0
2014,4,8.495342154879014,7.029027151822647,1.2911361991211905,36.49,0
2014,4,2.462441609706001,9.41795739003152,4.714842150423106,48.819,0
2014,4,0.3177848435732444,11.825992964173688,-0.7080941803996552,67.91,0
2014,4,9.401831912520828,9.437202509554789,-3.455067637939618,30.332,0
2014,4,9.622614466091568,3.508842311690773,4.783254764450474,83.901,0
2014,4,2.8800534592404112,6.412613363889744,-2.9472805919619827,41.237,0
2014,4,1.5628370954977622,4.273698788286538,-2.3837519370817004,77.693,0
2014,4,3.1769469754716217,0.4468575604893327,0.7457450347301711,73.323,0
2014,4,0.913741048604092,9.89036080918266,-2.8453056725078874,54.559,0
2014,4,0.7680744106928128,14.60049849228431,-0.2971606373676323,15.089,0
2014,4,2.6451580398883823,7.022129128061037,2.971551058158318,24.164,0
2014,4,7.27529230225095,6.067365966778641,-3.5258721636601664,82.003,0
2014,4,9.108026709698132,5.53054386005942,4.144446820562084,61.051,0
2014,4,7.339053770018694,5.807749112339015,4.333754991419687,52.33,0
2014,4,8.273565548261455,3.73088090685937,2.629693887090233,49.982,0
2014,4,6.379018745529615,8.862238123432615,4.9322606728054925,33.041,0
2014,4,3.627536003991521,1.5764632532045746,-2.151438690392403,46.827,0
2014,4,3.1826204138572587,9.3914715298057,3.9410731780473345,50.738,0
2014,4,6.6661708487937235,2.6367572374557273,-4.034495214022549,71.382,0
2014,4,2.8226247041293284,4.400229400051343,4.619776547341258,19.035,0
2014,4,9.751799759755084,10.438223615527274,-1.52952974046223,46.199,0
2014,4,9.858053208502058,12.25500725246446,0.1447964213103061,53.799,0
2014,4,5.02490876826932,10.04954886144985,-4.223681147502049,54.673,0
2014,4,3.230997016663373,3.960192691078395,-3.0719720532339334,32.559,0
2014,4,9.28051750228848,4.991012309757833,-4.58029496593933,64.33,0
2014,4,6.122757656938724,12.63557000727483,-2.445895791481567,11.906,0
2014,4,5.131750822820359,3.1909044919540963,-1.9619287426363243,21.077,0
2014,4,0.4028894573454211,4.470589981416765,-2.7512490819430413,38.779,0
2014,4,8.12077611008679,11.797888306553869,4.488458384670611,23.115,0
2014,4,2.3127992831595545,1.6901028995218503,-0.112687310227125,41.062,0
2014,4,4.740062659484451,1.4997787122566502,-4.776334655055708,3.765,0
2014,4,9.677428248337156,4.931614312388861,4.902656397289281,62.183,0
2014,4,4.725154428195852,7.688758546987657,-0.9484379291383512,44.773,0
2014,4,5.439731112849675,5.9866402586209375,-3.680170019875928,76.703,0
2014,4,1.149063433619103,9.653643341097302,1.4301298018476611,58.188,0
2014,4,1.128431871836214,8.796892685621964,-1.0521249082928603,70.602,0
2014,4,1.9173621739026647,4.5524434768352275,4.175179685495706,78.265,0
2014,4,2.8787967806968084,5.950914007025788,2.2066786746013944,15.552,0
2014,4,2.5535335022890147,6.719154603115549,-0.6002623295762,18.437,0
2014,4,9.437781113683693,13.701670477133847,4.579820536090995,4.979,0
2014,4,8.481814982799472,4.965243892423423,-3.275589207067693,47.084,0
2014,4,5.153051879943767,7.8027440359859055,-0.8948335963744949,66.09,0
2014,4,5.079486919064083,0.7372894308706557,1.709589010435523,72.428,0
2014,4,8.394532342095507,7.2018934352131385,1.3653030941398363,77.71,0
2014,4,4.722264257562044,8.49444215586131,-1.6017297532655106,84.122,0
2014,4,6.543464596528576,14.343689338045008,-1.4374695710119867,18.09,0
2014,4,2.6248500790059106,4.131868652072553,-2.30789942124378,54.464,0
2014,4,8.067735696487674,1.616883710483119,2.1254200913299695,31.887,0
2014,4,6.809532914035762,2.979759790217087,-1.3367147530124155,53.337,0
2014,4,9.138762903217962,9.831801847403462,3.11713597720834,24.248,0
2014,4,9.810448622544657,0.1300363476769656,2.589122488870297,21.632,0
2014,4,5.010402369846034,8.574549269611989,2.9896490253374566,81.867,0
2014,4,6.869414350035104,11.519501367147075,-1.187342809109527,88.172,0
2014,4,3.4330096919574093,14.606707514683931,0.3849665074505974,61.001,0
2014,4,1.2461506318912474,12.096042288698614,-0.9264518837055018,11.149,0
2014,4,6.78887337188785,7.638338074906169,1.7020162934062633,39.317,0
2014,4,4.41503923281175,5.343169758808038,3.496633776359051,10.543,0
2014,4,8.986677015526638,5.077899520902537,0.2674549580493979,52.455,0
2014,4,0.8066976739117737,11.627413927934056,2.930720333234574,6.574,0
2014,4,1.2356648740157616,6.492023418394763,-0.6238437126165,19.533,0
2014,4,7.230571254603298,0.716995644866239,0.5364521799923487,75.554,0
2014,4,6.70864887001906,10.162001534016929,-3.3237802924459867,16.74,0
2014,4,0.1771385060938901,0.3957542700830752,-2.9427517247033363,59.023,0
2015,1,3.4750708242518105,3.0996477733755796,4.585456068240871,39.171,0
2015,1,7.894094219135857,3.1412650623278138,-2.2391391151073767,85.705,0
2015,1,1.5598086369893316,4.759334756638579,2.0394208242196212,87.971,0
2015,1,1.170117248579462,13.10692035629821,-4.857978438292353,44.646,0
2015,1,9.702353444148768,0.4368567748365792,-4.355948839849568,73.227,0
2015,1,1.6530228613796127,3.184162729282716,-2.721568119234994,59.309,0
2015,1,1.2340081520559645,12.125367337471108,3.7039590822570183,26.733,0
2015,1,2.92516425476252,7.234369859943151,-2.9308381265388306,4.629,0
2015,1,3.322055709473216,10.793688371240382,4.002348574321095,86.463,0
2015,1,6.370947008244425,5.737266908738915,-0.9915476434652106,53.588,0
2015,1,2.9426673663711433,11.463773971040933,-0.748106164263417,86.22,0
2015,1,0.4678584497176852,5.554395996619767,-0.9967851751272008,54.434,0
2015,1,0.9319611956269468,1.9870343102678212,1.1603852833995711,9.8,0
2015,1,9.851745550906749,7.586592508038164,-4.8842780124472975,13.715,0
2015,1,6.653652084189043,11.77510254312393,-1.322129145194364,40.075,0
2015,1,9.969092185893553,7.229792802396089,-1.875116738571452,36.971,0
2015,1,8.067575637891261,9.813449669998116,-1.9740784733588423,43.154,0
2015,1,8.398203522034883,2.376786602711445,1.250194541681041,66.576,0
2015,1,1.3801548702005173,4.138924469250943,3.736727271797648,55.414,0
2015,1,1.5391950978290505,6.580270543496903,-2.617122235519319,19.775,0
2015,1,9.77031676545176,8.111362528310346,3.7512205735145017,69.504,0
2015,1,9.965656562889825,5.147607858109254,-0.8426575167661268,88.227,0
2015,1,9.306424763519598,0.3367387264698701,0.0603627022748076,5.669,0
2015,1,3.700245241428159,12.381874886944278,0.0993249540764846,15.938,0
2015,1,1.6605252148153635,9.426342433765091,4.2243561100377,85.048,0
2015,1,1.9519716457188252,6.6277355171659895,-2.0245323865666975,42.316,0
2015,1,9.055388379289012,2.1398152720974313,-0.9755486155640742,79.38,0
2015,1,0.9114063944467754,1.0677035447712937,-3.2324313257653925,10.551,0
2015,1,1.6987259440447633,5.3368969173148955,4.503434765139051,68.391,0
2015,1,0.1667581348983915,11.409098720850926,1.1352788416357305,12.868,0
2015,1,4.5964459738573735,4.807303464833209,-3.3178639766579,8.704,0
2015,1,2.5454054292166117,12.197249825457211,3.3590958220595475,86.568,0
2015,1,7.906911019001679,12.539032350247618,3.5348066652648953,26.56,0
2015,1,3.874512959225387,3.5764076843022545,1.2313292075268478,42.952,0
2015,1,8.63479894912813,14.127247500752338,-0.0541022199018623,61.945,0
2015,1,1.3292804270798264,9.462765579676676,-3.0961672893902814,74.519,0
2015,1,9.775899603450432,7.488643612871621,-3.959875457149197,46.202,0
2015,1,4.259975194684281,11.237367347647975,4.993299214930856,4.607,0
2015,1,9.329566255282272,0.2317114159961691,-2.523811128010943,30.973,0
2015,1,8.766138270158915,6.483197813775352,-2.0607727102849536,68.958,0
2015,1,0.2208584530117974,12.070889756121463,-2.471910887016845,85.036,0
2015,1,3.5796119453276463,9.232364395000788,2.587735622539384,75.043,0
2015,1,8.421068624835117,4.385865357716106,0.1784531218690519,44.581,0
2015,1,3.173888500278852,12.583318486886617,4.0217615997748375,76.613,0
2015,1,2.7155045517748566,5.488791531203631,2.8209001462360987,19.489,0
2015,1,8.50504228328597,13.12409108404007,4.115153281671846,89.062,0
2015,1,6.150646298578113,0.940832571216882,0.328903283915988,55.196,0
2015,1,1.854088503740543,12.445030203976426,2.2470427514855817,89.762,0
2015,1,8.447975811881461,10.546408556391492,0.9814106537053292,61.581,0
2015,1,6.3563199864004,0.7860852969179821,3.22781364866168,47.544,0
2015,1,7.777174890725506,10.81886861900737,-2.7702551199001793,43.733,0
2015,1,2.964448877441531,9.976802671704236,3.796807046497939,74.474,0
2015,1,2.5509343283237937,4.932027068676804,4.479373463796515,13.372,0
2015,1,4.247833415241863,3.4987753689958803,-1.8949724745051668,17.76,0
2015,1,5.79596727412674,6.784117684337084,-4.053146252720772,58.256,0
2015,1,3.4337778957457257,6.611478715130534,2.9024447590114733,86.23,0
2015,1,9.031906907227857,10.197163374019954,3.3773875951776393,19.375,0
2015,1,7.645682637594303,13.088610289464668,0.1013854191040186,60.255,0
2015,1,3.3861122911263255,10.666942770046347,-2.7369571384876545,74.728,0
2015,1,7.7316769174695885,12.864905955633848,4.724845622761592,45.29,0
2015,1,6.895830655332298,10.776709219536242,2.2398426524815127,72.208,0
2015,1,5.665181655878301,5.227637246731282,-0.5340069865137318,49.972,0
2015,1,4.991086581076065,2.5095206998972515,0.1855175606897772,3.973,0
2015,1,5.031791670513446,1.8051066036457803,-1.4445649374325442,80.166,0
2015,1,0.2170009527554162,3.879747932389508,-1.9220724445207529,5.199,0
2015,1,9.789195561198998,5.656679768016668,-3.96396130430448,48.9,0
2015,2,5.846680901658248,6.712503717156425,0.1321574177955202,72.77,0
2015,2,3.0403027244799965,11.221585018312338,-4.131370920138172,75.035,0
2015,2,8.178563056550296,2.6582258531818805,-0.5405269467942624,85.604,0
2015,2,0.8754866402778061,6.228921563592308,1.5982084269339474,71.65,0
2015,2,0.8898971485634666,8.86951723384867,2.9301030762559943,32.767,0
2015,2,2.494582042932323,6.508320727282192,1.7031963398154284,57.431,0
2015,2,8.63135537735739,6.978081496825066,1.4003038835168038,22.763,0
2015,2,5.351523336803503,0.0436757675068311,-2.9772281890933106,72.11,0
2015,2,1.950089804386158,6.901757748049882,0.3692326142011701,35.264,0
2015,2,7.013832855596901,0.5696395135440979,-3.921442238464855,77.329,0
2015,2,7.847696818249879,7.378017328758101,1.8301831849416097,45.325,0
2015,2,6.1793155984629795,11.142469146985354,-4.4037447561273115,69.141,0
2015,2,2.4416160871615302,7.787445593618107,4.706000678574586,7.601,0
2015,2,2.581039291604684,4.243288646795477,3.2521494575184313,46.585,0
2015,2,9.080150893749742,3.378598535028694,2.6655729436675326,78.019,0
2015,2,6.577161472759535,13.21322135662105,-4.758296478664965,45.738,0
2015,2,6.383505774204318,10.281607835569371,4.836425310328117,70.628,0
2015,2,1.2188808253227046,12.671876067988672,-4.675398582377236,15.084,0
2015,2,8.532424691971176,0.2378031806035047,-4.060900351689699,11.036,0
2015,2,6.735465781313908,1.379767660061999,1.593751874194929,43.364,0
2015,2,2.3184129171472643,5.123544494164126,2.9854091528208713,78.172,0
2015,2,6.995965330235282,10.203566307656745,0.5003874099860397,27.182,0
2015,2,6.965614021440461,4.348210193007895,-0.3966276839726479,8.272,0
2015,2,9.26308276921196,2.744029819263188,-3.0371279985692388,84.56,0
2015,2,6.192043172921549,13.198943454575604,-3.3734614623787893,52.002,0
2015,2,5.826861465545829,12.17834465352475,0.299106085609492,13.895,0
2015,2,6.345564677415247,13.024455272419916,-1.7459503767041284,64.585,0
2015,2,4.881175434337349,7.853123907856225,-2.623857998053575,85.164,0
2015,2,8.205446477459871,9.131969402705904,2.655483540993158,30.192,0
2015,2,4.502362866726173,12.155465996391555,1.337320050576368,32.473,0
2015,2,5.8762698661510875,10.67523089032629,-4.809023443967956,61.07,0
2015,2,0.7960507699250563,4.372262052638048,-0.6375008829018363,86.938,0
2015,2,9.48520327513915,11.188383975982234,-2.0913606487030147,64.852,0
2015,2,0.0739190144429302,13.678087272675112,1.4811584428469535,44.252,0
2015,2,6.524759555072322,1.7452267478610568,4.48935875001504,60.563,0
2015,2,2.1986195636897685,12.685628725750908,-3.7823362240043457,46.839,0
2015,2,8.583304317809247,2.068424136218648,-2.557698829904158,9.107,0
2015,2,4.523667592065702,12.482867284613365,4.739354059881949,25.48,0
2015,2,1.7219747942363306,6.391729182461693,4.291362337217683,85.897,0
2015,2,5.105202612988446,2.404807070504016,2.6857517240939845,21.201,0
2015,2,0.617623862901997,2.3674608927168457,4.972045078506792,75.287,0
2015,2,7.865057135281221,4.710660045264662,2.73308670197597,66.627,0
2015,2,6.897912473128661,6.301084428782464,0.6433922318217347,77.99,0
2015,2,2.6918973947330525,3.012431252623813,2.8561775401864375,25.219,0
2015,2,8.13710270757308,8.242343602677305,-2.539008774236841,49.097,0
2015,2,1.4785243786238378,3.9796966049376215,3.4153846769133693,26.51,0
2015,2,2.577784882039913,5.602794963476118,-0.7090221651441038,45.721,0
2015,2,5.541876510047912,8.715697369258725,0.7491058820710617,12.895,0
2015,2,9.170767794698133,1.7973713806390084,3.6230323602639896,19.167,0
2015,2,2.6752703024834235,5.2638314244851925,1.869560692277908,12.327,0
2015,3,8.615137072268936,2.630013620652899,0.6081234177751718,21.079,0
2015,3,5.71162298622361,4.488726288902407,0.9663053235714116,52.691,0
2015,3,8.917108652027459,2.8427856485606515,-4.406911051989032,25.343,0
2015,3,9.75373277146421,9.351175970043968,-4.307698742543683,63.658,0
2015,3,5.6255520127304735,2.541336031398705,-2.935547675837996,23.405,0
2015,3,4.0277583323289985,13.635938143450971,4.147518314254027,71.819,0
2015,3,4.185822855314891,4.258172723860698,2.6717932840366156,43.151,0
2015,3,0.9873720688266584,11.67508843601338,1.5886666692202205,17.498,0
2015,3,6.997052060994761,10.325364373704865,-0.1190298412717272,77.874,0
2015,3,8.731088427642277,2.818889368106931,-1.7255943704593335,80.179,0
2015,3,7.894922984240523,2.220896392332445,-3.641675715867343,31.274,0
2015,3,2.182598726937295,0.817678348662888,-4.67937303693195,54.986,0
2015,3,5.123003468870806,5.7914878325622645,0.2756372135680554,82.841,0
2015,3,0.957290547443973,10.562633342920348,2.34404642543247,32.024,0
2015,3,6.031921656146675,6.953271268279862,-3.630811760043371,25.555,0
2015,3,5.54356681216369,12.307035245412802,-0.1006824675513931,64.69,0
2015,3,5.726428531155846,3.821513794929301,-0.7714392143313855,55.243,0
2015,3,5.252584187815833,1.0759760672236256,-4.587819540483005,13.686,0
2015,3,0.9859423024193648,13.915118122492787,-3.359692685406106,87.546,0
2015,3,0.2102110672621715,10.5898560444299,-3.4329070423708083,79.355,0
2015,3,4.542783967898226,12.189189586322575,-1.669607646366058,74.819,0
2015,3,0.5910582087565452,7.566371190951553,1.4500981549156735,31.896,0
2015,3,3.3198647143270277,6.474903212156751,1.7035363966179906,11.039,0
2015,3,6.277454148973364,7.806841382090745,2.3346027200782498,6.824,0
2015,3,8.10468217215466,12.503611644686051,-4.517281130420185,75.855,0
2015,3,6.20371252123721,7.321566706520665,3.5614615028628727,73.994,0
2015,3,0.8425537741797129,13.830732031906608,1.9361763778287877,79.97,0
2015,3,3.0424186382719576,4.83390590729227,2.277095184072376,28.052,0
2015,3,0.561620099033131,8.54281918023049,4.91893483142645,83.227,0
2015,3,5.346609230755238,9.720474859962929,-2.7518710048981543,85.307,0
2015,3,5.024656497627655,8.799694916623876,1.3545717961889006,54.057,0
2015,3,7.545369159024605,8.350984616388267,3.1662050409213656,82.045,0
2015,3,6.285664006472832,2.0286178686975203,-2.1289088907243023,57.679,0
2015,3,3.932614850992152,1.7019328755986105,-4.402890951236094,38.094,0
2015,3,1.0236708458320931,8.506930612985595,3.6612875229231623,45.113,0
2015,3,8.740136713087157,3.1526375285088504,-4.6595549379973535,46.442,0
2015,3,7.882009298667061,0.6763328400808488,-3.8457243929573224,74.727,0
2015,3,1.2442188685189348,4.755014546014559,4.705525148851015,30.725,0
2015,3,2.667720636239239,5.161132400555336,2.9148838234475747,59.249,0
2015,3,0.4791386791333374,2.4898083240581452,0.9455010114504478,62.607,0
2015,3,4.173916240061003,1.0772187564587354,-4.011269711236972,72.541,0
2015,3,1.3931948237804637,2.9673664326198432,-2.694493509296332,13.91,0
2015,3,9.839063638971636,6.292705640062755,-4.289989204946098,52.008,0
2015,3,4.386490184359845,5.347150062716811,4.3579684089545285,89.496,0
2015,3,9.694908994061782,2.5058350420317854,2.610603839674761,51.423,0
2015,3,8.793244633625607,4.2106461369689105,-4.6322220726691015,48.485,0
2015,3,3.3390247152655395,1.5333625669791673,-2.066439200060124,6.576,0
2015,3,4.011479694917975,12.150266670693949,-4.775076703644595,54.829,0
2015,3,2.0991804574805153,8.90910931415108,-3.841528474026616,37.256,0
2015,3,3.5077762301031212,0.1784674836773342,3.6476699209219774,41.23,0
2015,3,4.934067004133952,0.0888609818100355,-4.550645475472738,39.498,0
2015,3,3.4952280116939805,7.356696898814632,4.645095559916548,20.45,0
2015,3,8.77978382499659,12.490248354300768,1.0198779464721008,20.038,0
2015,3,3.829030140372458,10.377703199189522,2.014906155293632,30.397,0
2015,3,1.0045754968096845,1.6243403472437523,0.1800233639658444,88.591,0
2015,3,9.250645564470547,1.7181794937972343,-3.121100497274859,66.232,0
2015,3,6.330851264962384,0.3990384539484581,-1.7075652123642304,78.281,0
2015,3,2.735420290019369,3.9361173385611754,1.6355691955856102,54.033,0
2015,3,0.7907602097664812,7.61455083984521,1.6767395100828688,67.93,0
2015,3,6.833263626277299,7.795018446988949,-4.5020974681229085,11.691,0
2015,3,5.716788783497385,14.019779290608309,0.1339400920851563,87.124,0
2015,3,0.8982212942560475,4.662451515412419,3.2078244917290384,28.346,0
2015,3,2.568300377251852,14.763610752024736,-4.4099666600089975,74.98,0
2015,3,6.731113481245287,14.842799392513006,4.567276279144629,33.48,0
2015,4,5.332513992791025,8.123953841977304,2.0929713691766523,15.197,0
2015,4,6.857005429336439,11.306523030675786,1.4551148547869932,64.455,0
2015,4,4.756878180109587,6.131156442127918,-0.2141626756722647,19.025,0
2015,4,7.733810477822497,0.6246603350997049,1.4953243106538985,33.609,0
2015,4,2.262752508165998,4.994349215571273,2.629988977119422,3.238,0
2015,4,3.1180213695576864,11.17862229258662,3.2334747694614023,49.978,0
2015,4,5.466963282963398,10.326019360640352,-4.757597409776103,16.335,0
2015,4,8.13434482324264,7.074947741777404,4.150324234710842,62.003,0
2015,4,4.6381424972767995,9.7890302282316,1.8963574191512096,25.925,0
2015,4,0.925004379389638,12.146556058458934,-4.1424894908889565,26.958,0
2015,4,3.5979409354529945,6.035903472216452,1.4531958333761672,23.615,0
2015,4,6.723898127987045,6.506674116107305,0.6289982635678992,70.782,0
2015,4,4.904085191855132,7.90722572437897,-1.5388901290588484,69.778,0
2015,4,1.1236448194898565,2.751080229146095,4.993649321926787,60.333,0
2015,4,0.1107855259430967,12.516436798586136,-3.208807158430449,86.12,0
2015,4,4.162627806879073,14.270945587266231,-1.5657938386932613,47.296,0
2015,4,8.037552360117626,9.45672173486985,-2.128681628128567,44.77,0
2015,4,1.43161357811193,11.573545890837392,4.628623341857422,28.367,0
2015,4,2.8944089496820826,14.61524184786046,-0.804603554732882,20.007,0
2015,4,2.1771251297815155,8.539220744257866,3.947492209757982,73.648,0
2015,4,0.7300359289962732,10.904668792926463,-3.5488926451839484,46.025,0
2015,4,3.6327279639889953,4.404485876398113,1.6933117870273895,19.128,0
2015,4,7.347085702650257,1.976156994479462,0.2269726463836994,10.749,0
2015,4,0.8707120557730819,10.61675967543724,-0.1846055230342553,36.539,0
2015,4,2.012637881344724,6.701547517023782,-4.397796355547637,71.908,0
2015,4,8.90236621795771,7.092384373444537,-4.185100226907235,84.619,0
2015,4,5.172094276935294,7.240925812151751,-0.7657476835316519,54.044,0
2015,4,8.655712200947645,8.724769990095101,-2.0328869147131523,73.912,0
2015,4,3.2923061534139455,0.3770958863447127,1.9422681604170444,31.273,0
2015,4,1.1193457813478924,7.705557984338333,-4.611041877531738,14.101,0
2015,4,2.587109474156345,2.549847195264559,-3.423886509371319,4.567,0
2015,4,3.229896831768684,6.358958025444994,-0.11293831608398,80.219,0
2015,4,3.954182702423781,5.007223675638561,-0.737685417352357,34.28,0
2015,4,1.3969237260293863,9.459542857944758,1.3587452733100704,21.46,0
2015,4,7.156207169717858,9.767654411154274,-2.478577393353478,52.831,0
2015,4,8.570969396099159,12.481421041246724,0.8310028463079968,43.888,0
2015,4,8.531281719102367,2.9356162745818177,3.565719023593356,85.069,0
2015,4,9.64928601501826,5.587911792041923,3.075025251138229,62.507,0
2015,4,7.350261491050988,1.351704494012168,-2.365572406031907,72.939,0
2015,4,6.967548149354044,8.405279610299427,4.580871875874228,43.426,0
2015,4,9.3454024562186,12.177196604186678,-2.916730822719585,36.924,0
2015,4,8.652945592010244,13.395020435947457,0.1796495112138894,32.295,0
2015,4,5.656035277480433,2.6925039074152597,4.891792332678332,74.609,0
2016,1,3.8662017263383417,5.795522057052104,4.063914823621593,72.806,0
2016,1,8.216479329617712,7.886555050248382,-0.0697089547896068,42.137,0
2016,1,1.50608103218274,2.605074554315098,-3.2173821851122653,13.108,0
2016,1,7.480047363714034,6.654686231978585,-3.709632121895633,81.886,0
2016,1,7.061585021190541,2.0595506271240662,1.1609232114999344,51.72,0
2016,1,8.939852050469607,7.95636330490864,3.502673943359241,70.603,0
2016,1,0.5351446291304329,11.14941712836115,4.945257483830334,79.637,0
2016,1,2.6537011160197546,8.239895477790224,1.8837387938592256,86.388,0
2016,1,7.0248834158846885,7.462939740411791,-3.377644518594225,33.215,0
2016,1,0.0502655260980311,9.966759856398893,-0.7143538739820787,82.401,0
2016,1,7.171205684721935,11.213956921491636,1.4242657300857733,13.731,0
2016,1,7.799883269105443,6.000444539794371,-4.044561254352336,8.948,0
2016,1,2.2398254586508113,12.82617578954532,-4.565437536988294,73.559,0
2016,1,7.311573444549172,13.996164795992176,3.5748525373622027,77.868,0
2016,1,8.002063476835792,4.665550008905054,1.689537100682745,31.223,0
2016,1,6.281195312435718,11.693293031928926,-2.2629008282715746,66.594,0
2016,1,1.141399693096321,14.745299971145377,-3.1573492382925625,16.448,0
2016,1,2.149165313867192,7.912439168373923,1.6721329174190744,75.19,0
2016,1,4.453865259778722,9.686389383919588,-2.987496354488304,64.794,0
2016,1,4.359951805705858,6.842381116797337,-1.9761639388757315,3.169,0
2016,1,2.9353479245866043,1.5789774372063792,-1.180165303096966,53.298,0
2016,1,8.456535222773423,2.132112803968766,0.7848235973085895,60.849,0
2016,1,1.0802895749157926,14.846048965684064,-4.208707105253163,88.008,0
2016,1,6.54725348498443,1.8828627184181383,-3.0035135804397695,59.977,0
2016,1,3.0146305945880068,9.135434170603736,1.1996629146283393,29.597,0
2016,1,4.287642911146835,0.2755748180715661,-1.830363463019984,16.14,0
2016,1,9.3672455585349,9.128747319598624,-3.2505398630897018,22.266,0
2016,1,4.9725388659087795,14.416774020324604,3.3569258719269204,30.315,0
2016,1,3.258245840194487,11.031548908382794,0.8810519824199794,82.697,0
2016,1,8.11572004351548,9.163612832375948,-3.090511411245571,24.74,0
2016,1,6.16712707646776,3.7134676221267697,4.928634336035524,38.098,0
2016,1,2.3135764225940902,6.418720352816781,1.340770612085656,30.881,0
2016,1,6.740378674249568,11.42188250154238,-4.896362776528229,25.769,0
2016,1,2.564130276989418,6.641474352928418,-4.68905378056944,48.874,0
2016,1,3.0966887040129256,11.209737383593296,-3.828927684947222,65.851,0
2016,1,8.715858828624066,3.0566405128659557,0.6095649949714623,11.463,0
2016,1,4.448393593405296,1.7327685016047325,3.651908111063951,42.673,0
2016,1,0.7496004347001306,7.317342560728216,0.9387180578305712,6.497,0
2016,1,8.250353191428001,12.06962546002016,0.1006918895070798,60.154,0
2016,1,9.503070137361812,3.316183105401629,3.841472129857218,67.067,0
2016,1,0.0232340613193027,6.2351894274430295,4.701877243062725,88.411,0
2016,1,0.9834492159021312,1.7034681146630648,-4.2560237562805145,42.265,0
2016,1,4.18929223937419,7.829024460968654,2.154569553598166,53.53,0
2016,1,9.102166549666444,5.284535315651399,-4.022967888989251,68.56,0
2016,1,0.288011805465187,0.1254848997621627,-0.7355920470756807,43.443,0
2016,1,3.82053882511057,12.46034407797021,-3.696716354103077,61.765,0
2016,1,1.1944888396428577,13.912553269448631,4.27642705508595,56.242,0
2016,1,1.7339606620611936,9.514940358860692,4.232824157031448,17.694,0
2016,1,3.895160259454087,10.079158287729753,-0.6261675750701023,40.097,0
2016,1,6.386726361204053,3.090355853731265,3.520108494883763,60.055,0
2016,1,1.9057604651719384,4.9619249217156485,-0.6322211697874227,62.488,0
2016,2,5.416464182167599,10.080296432708026,3.842073518293187,75.102,0
2016,2,2.6400434995946584,13.38088290314541,1.1464111905450194,21.883,0
2016,2,1.2522055951683142,14.750808306908588,4.505344745281667,35.75,0
2016,2,9.40773299689501,4.190177863968398,-4.605904647096101,28.6,0
2016,2,3.024790291679266,10.718435191397344,-4.286770105871857,11.833,0
2016,2,7.997179136187196,7.527305633107664,-3.465824205891126,24.021,0
2016,2,2.8280113067049975,4.2532201636447144,-1.8092502767927376,81.978,0
2016,2,1.1692353552539148,0.967511380298427,1.5706518253294544,10.804,0
2016,2,0.4524918901888786,12.100287821453694,-2.28640964808863,33.847,0
2016,2,5.605798090010486,6.391835564587282,4.059891506492022,63.82,0
2016,2,5.563280072570793,10.992575059086231,2.1218819367411443,4.223,0
2016,2,2.2008867687138656,7.174255012665645,-0.0369639651352349,40.76,0
2016,2,7.81615479196399,6.327447532839801,-1.3756858881222933,48.612,0
2016,2,0.0625747102647023,1.134455457518242,0.6782811117231606,64.7,0
2016,2,3.465587598165476,5.1916275024661145,-1.8292678123630903,81.919,0
2016,2,6.520930618816506,0.2276129856963255,2.277640405129441,50.553,0
2016,2,0.6100714300539489,5.06725564982346,-2.5672691552930136,72.617,0
2016,2,1.4339537001089253,13.116255055000176,0.7828861517340364,31.174,0
2016,2,1.1956199775205645,2.173987906642508,-4.865770848798724,40.586,0
2016,2,7.323884465975548,5.517760419111877,4.686914502130431,60.429,0
2016,2,4.4115055223063235,5.247050317673691,-0.4452882927063237,85.864,0
2016,2,2.4739974705834578,2.432560907057821,2.6515316084854685,3.823,0
2016,2,2.8336406889111823,5.851290581703204,2.7744562825341115,80.236,0
2016,2,6.25329959704233,12.8346549621742,-1.5382492269387091,50.717,0
2016,2,0.5541588844224443,7.742022070117467,-4.275776871393152,66.411,0
2016,2,2.557437015483004,12.689478841478,2.1407117614233497,24.637,0
2016,2,5.624293741179209,8.657574399359943,4.768342651801893,82.921,0
2016,2,8.865025266419025,14.73868384488307,-2.39482554564031,87.873,0
2016,2,7.374099443119462,10.18351263345311,3.6278854567139063,46.13,0
2016,2,6.888105035899871,4.466312305083665,3.46003423397397,67.005,0
2016,2,3.782245152433448,8.46292187698118,-2.8942080949505664,19.786,0
2016,2,4.43771339092245,12.085130685640562,-3.1998195494919326,22.053,0
2016,2,0.4106817279040542,9.952531041078856,4.816845059370488,62.185,0
2016,2,6.803844137625221,1.3851875841814838,1.7589188870829346,38.133,0
2016,2,0.5731031001048681,11.908434827917752,-0.8200174027446288,33.996,0
2016,2,8.051168513161777,9.641604924274388,-2.4743892873047457,32.639,0
2016,2,6.235191951741545,1.948482068052162,-1.4262359655203758,59.521,0
2016,2,1.5844803718990597,7.140310603201798,0.4585940101976229,30.106,0
2016,2,9.358261334028228,10.474088902958195,-1.9120797019940403,72.285,0
2016,2,5.473047441146843,5.721230156750348,2.312138199962811,83.57,0
2016,2,6.871899964686766,10.915595550914508,-1.677209296080033,14.24,0
2016,2,0.1259640127178696,14.46081195197234,3.485724095820462,29.17,0
2016,2,8.517903386605417,0.5337321869019396,3.8918569984087608,82.134,0
2016,2,4.995483352046712,7.337010475738608,2.0872150374858434,88.354,0
2016,2,1.6542015212840933,13.702664502468618,-3.2030690534869697,35.795,0
2016,2,6.856517492651993,7.210851847034598,-4.394371565873665,9.798,0
2016,2,8.171070991667612,5.418995826089843,4.35871291964458,52.047,0
2016,2,3.443080333199593,7.254135101274994,1.7316073278026414,25.064,0
2016,2,0.1909919935372583,14.918387109146096,-0.926684101524076,37.98,0
2016,2,1.4551730038742494,10.854141566369272,4.8867554314579404,65.723,0
2016,2,7.193006090251136,2.6197509818305216,-0.5593550857946887,55.105,0
2016,2,3.0239574030392227,1.673734696998621,-2.7248503692535495,3.415,0
2016,2,8.054662830405867,14.124497722278043,-0.9562530042917974,70.784,0
2016,2,6.669657034871817,3.749981028357477,2.9564134488545672,33.066,0
2016,2,9.231739886192647,1.623399701483229,-0.9696451106531478,59.982,0
2016,3,8.102585866995312,14.222977601146011,-0.5339809889334415,75.436,0
2016,3,5.940827805697124,7.386026388065035,-4.972987831658365,88.523,0
2016,3,5.298812610885262,10.946557673605218,-0.3548774949592257,73.886,0
2016,3,9.84234499234434,13.22115498484875,3.8172252351626064,21.866,0
2016,3,9.885216479954469,4.5855320371573285,-0.7692447720351714,21.302,0
2016,3,8.224946492902271,0.947824189117743,4.3926022891152385,51.673,0
2016,3,6.887625408113653,0.8207126225045991,2.6488616016529622,31.807,0
2016,3,5.656881721410057,14.432938144169867,-1.3561368986021505,53.317,0
2016,3,7.815056477421821,14.027378585649316,4.164221891675336,65.002,0
2016,3,1.9113208844889684,5.733559800217371,1.471677720509855,33.74,0
2016,3,1.2556557863725135,1.5191418574650957,-1.3148234216161914,44.716,0
2016,3,8.02851208995546,9.099922946638015,-0.1010625561582596,44.745,0
2016,3,0.8202368521147085,0.1412978395866798,-2.2975112493828584,79.693,0
2016,3,0.2353249441409877,6.713549257619581,3.927425429963552,24.134,0
2016,3,7.422935381702628,10.411085002964766,-3.7549474563430776,81.349,0
2016,3,6.529729219079393,4.482947831803015,-1.1720716892009064,32.424,0
2016,3,0.2221848202558041,1.7427086138113368,1.4275191395954687,14.075,0
2016,3,4.090851486348762,4.627038188740295,3.4055335675126415,4.933,0
2016,3,4.730275033430207,14.367453262129148,3.145537870199968,33.885,0
2016,3,8.160790423433513,3.495669424003087,-4.799764654802935,34.578,0
2016,3,9.032236273447072,4.1219671615185085,-1.0815698706714765,44.911,0
2016,3,0.2556979908973467,9.03767045362093,1.661929602664312,65.881,0
2016,3,3.071456481042115,11.685080908860565,-1.0755515145742955,54.857,0
2016,3,0.8815215813664445,12.17863672439857,-0.0327617390182179,19.937,0
2016,3,6.120085299594553,14.794922603401892,-2.7725167562081143,61.479,0
2016,3,8.77452126603169,7.790965279252014,-2.1512879316452347,24.078,0
2016,3,9.774962582088932,12.786456263536785,-2.677342742024748,27.837,0
2016,3,1.3900220519907769,3.5883482049878697,2.7659089598332116,80.4,0
2016,3,4.4007107506649845,6.22820635026496,-1.7875912221141297,81.412,0
2016,3,4.777421263995359,3.751237033709127,3.573278235335529,62.63,0
2016,3,7.918913237957293,0.8922024466258432,-0.1070984249623752,26.694,0
2016,3,4.078896085072801,4.070822823551472,-0.0964196483481263,69.535,0
2016,3,1.3332681634257515,14.517935267448197,0.579007788105093,71.617,0
2016,3,3.379815504698361,7.503472183887029,2.080113308712895,62.066,0
2016,3,5.692979341347952,14.117033772756708,2.988733111840248,18.828,0
2016,3,1.7415669239539633,2.089450341106512,-3.883625546788146,31.704,0
2016,3,2.1266428651134284,2.3795577997439805,0.0162980892309416,54.772,0
2016,3,0.9252855436671914,4.229990290274575,0.2740228717005832,75.317,0
2016,3,9.348930465545086,4.875864650877229,1.9188104618374968,11.611,0
2016,3,1.0363672648079558,12.151881415782857,2.5137177053550275,66.474,0
2016,3,9.828601178554203,11.60471092583001,-3.9670653244735687,75.972,0
2016,3,5.993585871358027,7.688739402707048,-4.809007201582851,45.205,0
2016,3,2.130353198432642,10.34552463546935,2.199892310327243,56.942,0
2016,3,0.159202672627986,1.876173402244881,1.9588835767856896,70.787,0
2016,3,3.851061229899204,9.511379176197586,-2.9115958357720793,7.6,0
2016,3,2.9036188536668095,0.6767381790218924,-0.5875412356882261,87.075,0
2016,3,7.456283325205019,3.1569262152481836,0.1942972896730834,14.156,0
2016,3,1.9901129441518828,8.318953283189845,-2.4347957267419207,8.972,0
2016,3,1.156056106115122,3.2445141044424295,-4.921933055111097,86.035,0
2016,3,7.750818003391192,14.647529604690186,3.847245033145647,28.221,0
2016,4,4.331631113151664,13.504683593617363,1.9527413294441684,4.783,0
2016,4,6.33072653499513,3.786025724132269,2.142154368573138,13.223,0
2016,4,9.74247654144756,10.278021806547992,4.901757936307183,27.343,0
2016,4,9.48744395149711,14.19897859167508,3.3530646085845017,44.201,0
2016,4,0.6060490771490978,10.89455250553227,-1.8315505634967,32.373,0
2016,4,0.949084412673462,4.0275737587925295,-4.176508560357145,65.129,0
2016,4,5.967764199616896,6.655521705445018,0.7184832889044559,68.555,0
2016,4,8.845832929211877,9.115284615762166,-4.049535413383144,12.82,0
2016,4,1.1443151861235856,5.391969327809154,-1.4251689650811716,62.683,0
2016,4,7.651603288167664,9.552321964265293,1.8737236693613335,21.748,0
2016,4,6.985306252091371,5.0953892771938065,-4.3149720742810596,22.116,0
2016,4,8.564934027625736,7.943590210690123,4.623501334382778,32.328,0
2016,4,0.2725001195081511,2.6948544875526896,-2.4044775133501184,76.947,0
2016,4,0.4404037938846439,9.03661664792164,3.3850099044314597,57.843,0
2016,4,3.9822779395801167,11.338295693517246,2.4827682025437534,66.41,0
2016,4,1.305012641171842,5.740937869766569,-4.172649169377589,45.032,0
2016,4,3.641127750104994,6.214905210303115,-1.9626691091145467,70.875,0
2016,4,2.79745967769071,12.033045132537849,0.8343563471088498,63.021,0
2016,4,3.373109541512276,13.538131722644296,0.60209402740945,48.038,0
2016,4,2.257277238391274,9.362881093444056,1.744325564685969,40.677,0
2016,4,7.674988305907054,3.3683920390334454,4.858068210084252,26.386,0
2016,4,2.7178651608012916,1.5174571727631174,-3.3368829979091763,84.738,0
2016,4,0.4196407344363428,12.3725573909361,4.91431691558088,28.063,0
2016,4,1.7732655322393942,12.461510828921408,0.9212323635101852,6.484,0
2016,4,3.6037549236317066,14.420019467922094,-1.7930071495867717,42.612,0
2016,4,8.032449046648063,5.336611263009902,-2.4370683770539237,6.389,0
2016,4,9.115147258658508,9.312282052588378,3.467219903967333,62.231,0
2016,4,8.691748574030873,8.405984307299141,-2.3632454140451085,64.201,0
2016,4,6.607985296909104,0.8302468382714279,-2.574227971020634,80.564,0
2016,4,2.3263663838677493,5.660814374621644,1.5647151753016484,62.834,0
2016,4,8.150721006758069,13.339781398924794,2.2460919358831717,89.366,0
2016,4,0.3172249181603115,14.42073705215573,-2.1668866462615153,65.624,0
2016,4,8.399977606043434,3.9540815971032215,-0.6674925730424963,27.232,0
2016,4,7.088991127733161,9.053718706845938,2.072679186664391,42.412,0
2016,4,2.6091857965016807,3.5485188781665005,-0.9830943143838572,39.881,0
2016,4,8.056022187702382,3.5100793074055474,-3.5950268513919834,49.39,0
2016,4,5.554972801696314,5.180159668894953,0.4652245783241762,25.184,0
2016,4,7.890228445481342,12.645554203915548,3.771586042661392,20.238,0
2016,4,7.480160766994024,12.048951009406924,-3.065241505856319,73.474,0
2016,4,2.5747897614372484,10.588236670225823,0.3934820484087975,46.13,0
2016,4,7.517707876829781,8.41726720007934,2.4242051187139824,45.642,0
2016,4,7.50330775819956,0.0797125373229307,-4.806815964656596,7.321,0
2016,4,7.173627530363669,10.017093299799257,4.6275534742432605,25.34,0
2016,4,9.86687611617024,11.46383511036212,-2.0440087501512147,83.562,0
2016,4,8.904409480010857,1.1799308747138797,1.643348444622779,12.442,0
2016,4,2.2009006604727244,14.774369544387463,-0.8252544392183383,4.694,0
2016,4,7.144596838857817,13.03682421421552,1.9699323407080076,40.479,0
2016,4,0.2164556134698358,6.659823215130454,0.2052711280916366,24.017,0
2016,4,3.430517325196506,11.292134917665148,-1.8168479986522348,78.876,0
2016,4,2.604031087879084,8.828791460238815,1.78360089782902,60.013,0
2016,4,0.3301193590032725,2.555508761722967,-0.8394909486323066,17.847,0
2016,4,7.745720831743649,5.98262117920456,-1.3571499870516748,12.127,0
2016,4,9.211438801808418,10.298614381121762,3.1290483075279916,35.333,0
2016,4,2.5337939882933447,7.856377448292749,2.3400435059960456,54.119,0
2016,4,2.7714435187335984,1.8925438522310511,-1.3861738843445748,41.384,0
2016,4,2.894363680300219,10.822337596975087,2.3731527381309707,41.002,0
2016,4,0.2466995454048715,10.906566735877604,3.1558314023528826,36.367,0
2016,4,9.959936491006996,11.954216333628374,2.716649382727022,45.124,0
2016,4,6.237437260875956,3.213831515147766,2.0497033380720584,55.492,0
2016,4,8.192342121024202,0.7098679520463202,0.4097250591446686,25.144,0
2016,4,5.292674481435902,12.596470860579045,3.991452884450163,58.361,0
2016,4,1.1800602661937487,2.554037056928914,-2.9091515784126996,85.089,0
2016,4,6.495429586036606,1.981002161535612,-2.232800024577007,66.294,0
2016,4,8.855594435856315,9.020394109175314,-3.1643675505267312,33.929,0
2016,4,3.316578441770175,0.1285381621611103,3.095872708095529,47.59,0
2016,4,2.6794275010684787,4.772282787062401,-3.722572364573109,61.77,0
2016,4,9.408799063414849,3.2942856821900577,0.6982547733213371,55.648,0
2016,4,9.926255484528705,6.672082425881726,-2.9017341690943868,39.907,0
2016,4,3.5999241877905783,7.4830923173082144,3.851049850905204,42.038,0
2017,1,5.885049351589888,10.467965930282164,-1.7533873281480594,69.77,0
2017,1,1.8537277908251149,4.023755383834661,-1.0376447546269651,86.514,0
2017,1,9.672635875263657,8.231697888945174,-3.196440317183481,58.416,0
2017,1,6.742588420064991,7.840641811014016,-4.039930534938473,11.752,0
2017,1,9.16603301642411,13.311625361287318,-2.8694264926699384,23.491,0
2017,1,4.6116690125391,9.335638972097613,0.626325958673883,51.988,0
2017,1,2.0416655916824302,10.534874691295602,-2.4131822619857157,45.926,0
2017,1,3.47062368499395,12.281202155762877,-4.893080098864986,58.476,0
2017,1,3.376493019992346,3.013157702103424,4.214336290244534,32.81,0
2017,1,0.4545250043579596,7.817605873703063,-1.266214404631599,45.916,0
2017,1,4.683301859338135,8.395761538924702,-2.295538145285736,41.623,0
2017,1,2.1078144935468823,0.2646774026790877,4.144403697540472,27.067,0
2017,1,7.8420617436526685,12.801983298038296,3.3182411838598345,54.116,0
2017,1,4.400580465093987,14.443374512670564,4.852699881009016,79.945,0
2017,1,5.231430206971652,4.690699427121871,-4.651196941799723,29.309,0
2017,1,7.935706545388016,8.031200032672016,-1.946467864522102,80.857,0
2017,1,6.541601542860985,4.964879214051045,2.899747595698333,7.752,0
2017,1,2.8569959404476455,7.2428214747442015,0.5250347626154381,23.193,0
2017,1,2.3714446597771124,7.223837103290439,2.427307294540901,50.027,0
2017,1,2.777190873508438,9.618985638853047,-1.8153057439769464,34.415,0
2017,1,9.897564134093347,3.890996082027808,4.755694633560822,61.94,0
2017,1,4.343614981412177,13.99156919859142,1.231617537445798,71.906,0
2017,1,0.0540492367266987,12.08412433221472,-3.709958249767411,46.401,0
2017,1,7.268388310482376,11.593208661952772,4.903742093546374,78.675,0
2017,1,6.054812505259454,8.75889808796612,-4.847869048046446,22.514,0
2017,1,5.531119710583715,1.05152220401163,3.104696170695929,51.974,0
2017,1,3.898997462910806,1.9805276533499332,-0.953941170531369,59.321,0
2017,1,4.993029460143252,3.8104652669847896,-2.6435596057857813,23.71,0
2017,1,4.574430558698882,1.1948089143063434,4.543693622282358,55.256,0
2017,1,1.99411597758535,6.372427997653507,3.2952241528837476,46.739,0
2017,1,7.778112444584507,5.229037041642685,0.6910698036280385,36.326,0
2017,1,7.567580902469283,9.389758708769303,4.692491388225086,60.505,0
2017,1,3.327808689607955,7.508713341724481,-0.3201463389605807,83.821,0
2017,1,7.651938337543919,12.714604942638829,-0.8265207969585866,17.732,0
2017,1,2.435711258646319,8.653249124654186,0.7911426987560528,45.805,0
2017,1,5.826286460403656,4.084284910622013,-1.1229333686891252,59.588,0
2017,1,0.3769772491485279,8.392128891845193,-4.549404180802745,6.659,0
2017,1,1.3702091003632066,6.560213586488922,-0.57490518670771,3.891,0
2017,1,5.2608251841740294,3.364101273628579,-0.948978729528794,84.986,0
2017,1,3.1219188378638796,0.7248661328309536,-4.970372794396032,54.73,0
2017,1,8.216415697789554,11.648362076778302,-4.0654608733112205,9.846,0
2017,1,1.745898512471864,13.116218312947176,-4.143707692714644,66.874,0
2017,1,4.662532815278354,3.4455347304320156,2.6895046715939595,6.236,0
2017,1,3.461968866803277,11.444894044345412,-4.539548399551014,12.734,0
2017,1,5.646398578962019,1.8816267667578,-0.3318909399594201,38.297,0
2017,1,1.1115087978331184,2.7099404835361405,-1.3400359171006415,18.376,0
2017,1,0.2894431674336706,10.338660299430346,-4.3486549855603895,57.02,0
2017,1,2.441475605069072,14.54335312834778,-1.883488993903483,44.477,0
2017,1,4.501098586850296,11.193815177194324,4.9059498021065675,59.987,0
2017,1,7.793651703351197,6.2863163050644895,1.947889985987848,7.93,0
2017,1,0.852683416116774,7.948429448309118,-2.475575369720324,43.478,0
2017,1,1.7060112462164434,9.962291475817231,-1.6447230865010165,9.22,0
2017,1,9.47299999420067,10.110876791305436,-4.302142159995352,45.817,0
2017,1,5.456686649686348,10.7582884651563,0.3690127052042191,63.964,0
2017,1,2.236126197926648,11.659433637586105,2.5447147500223712,54.41,0
2017,1,9.590842422824034,7.883690610933626,-1.3499650441628166,63.309,0
2017,1,0.5572798570098447,13.998375919786923,1.9998983455215864,79.002,0
2017,1,2.1560976524304474,6.383450485775274,-0.5618725901991919,52.711,0
2017,1,9.533163722009606,9.634794764636164,1.8480369564585617,69.735,0
2017,1,2.065344039720064,13.71686476321412,3.7418223329395346,80.911,0
2017,1,6.692657958436578,8.97955768244792,4.099550632726093,55.54,0
2017,1,4.473505490056256,9.90178354494261,-0.2328806814318582,78.974,0
2017,1,0.0218414285724877,7.214703690694921,4.6540011697405905,68.488,0
2017,1,6.644237865926779,11.376129611995571,3.377574453503394,16.102,0
2017,2,7.457533790761261,11.6380843431619,-2.043977224957787,77.084,0
2017,2,3.905936075817822,2.7131178663800455,-2.266711233341093,49.115,0
2017,2,6.853953434460057,3.2952320006373945,2.250931239865422,30.525,0
2017,2,4.548724428028682,9.749281472488336,0.9387376766786152,21.64,0
2017,2,7.066755336776999,11.154037763409264,3.269035440269686,57.836,0
2017,2,7.081218349006254,6.57032694525494,4.544015098310659,38.319,0
2017,2,6.2632235165619505,5.820877113914355,-1.4083817571958122,6.975,0
2017,2,5.564562058254564,7.75509424814563,-4.793565604542067,5.056,0
2017,2,4.528137142109168,8.626056286281223,-3.3708340699838093,89.755,0
2017,2,6.3223815086786095,9.1609766946693,2.554311006220276,27.604,0
2017,2,8.977435665097254,8.032058618870073,-4.778433705837565,88.92,0
2017,2,1.560358113399769,3.511539974559609,4.799861072871094,79.519,0
2017,2,5.232130549708749,1.611214881543328,0.0230171766174205,48.167,0
2017,2,7.521286995435712,14.408528044851526,-2.131873752265132,42.042,0
2017,2,9.175430096537449,0.3630906663379474,-1.9045800813791192,43.264,0
2017,2,9.67802737648485,2.8202357579443342,-0.2022864221762219,12.95,0
2017,2,9.616158070461656,11.62997894828874,4.310590308872001,4.31,0
2017,2,5.890200909809115,2.1024815007409554,-1.7325893752262878,3.792,0
2017,2,8.274987416356733,13.165694410454092,-3.9626983545750583,39.79,0
2017,2,4.155140630620659,11.885861630382204,-4.378742292799043,25.568,0
2017,2,5.9996785826106604,9.578155911028702,-1.0279269569310276,13.728,0
2017,2,8.713152472468535,2.8423521884940635,-0.0242485584586447,48.588,0
2017,2,0.4606306368197743,4.192041618444728,-3.637479859436181,42.244,0
2017,2,4.4720103221643805,5.8857315139908195,-3.9355241116689217,10.014,0
2017,2,2.20508787136648,13.587752881481933,0.6694585747965469,10.163,0
2017,2,5.993729928719863,11.534702928429445,0.3561478187433184,80.521,0
2017,2,8.51405747891474,6.069675426601489,0.4478665403020496,46.03,0
2017,2,5.053652565059297,2.0117943406468526,-2.2629937051140416,38.706,0
2017,2,9.18521602770518,13.963472165571442,3.1948072170062183,68.714,0
2017,2,7.408692683852179,12.162421700434065,4.979620660956863,64.902,0
2017,2,6.535867700444199,13.89821671126463,-4.6156660719863645,69.753,0
2017,2,3.5188483434700646,1.9135222704642632,-4.4658623675045135,16.679,0
2017,2,8.671773544513522,12.512079907853776,4.6433776821100565,49.806,0
2017,2,4.461704378126965,14.523118915550494,0.0278371077197174,40.242,0
2017,2,5.883656892176567,3.2370637658954005,-0.0447537668815538,43.857,0
2017,2,8.95076559161845,0.3672039871979993,-3.267816188130994,11.009,0
2017,2,5.822374488025863,12.6289601171888,3.7747919590883257,74.677,0
2017,2,4.3529272418763405,6.813417357103038,1.2644936822811133,48.987,0
2017,2,8.005361051267476,0.9433893367873024,0.1790716064028608,48.638,0
2017,2,7.420224518797602,11.428309183361288,-3.82446738374562,47.917,0
2017,2,7.6253403777553475,6.034643006871989,4.043768336609926,69.777,0
2017,2,8.15015316676148,4.388106427223547,4.155919855148696,85.915,0
2017,2,5.832761971390966,3.984141864996223,4.541556694437,70.16,0
2017,2,9.810976245135096,8.939219261889214,-0.4781731463830576,44.394,0
2017,2,9.956190596227067,4.773824959191312,2.8265501105557957,13.304,0
2017,2,4.620393428395556,2.679942080086544,2.404531223835898,78.082,0
2017,2,8.355402245437075,1.1491614639166987,-4.591129025093305,54.334,0
2017,3,5.116357178950771,1.5435763251300094,-4.6966075318168174,64.217,0
2017,3,1.7011541730928148,14.558320060927436,-2.8961344550587595,32.473,0
2017,3,5.138507345765979,4.304801992073149,-0.4498456153555219,79.62,0
2017,3,5.101483804563233,10.42679723918651,-2.753392998949286,5.919,0
2017,3,2.5264603062128668,9.778021404714089,-0.290791735823646,67.467,0
2017,3,5.972924203534693,4.56784783727075,-2.9323947593023836,89.951,0
2017,3,3.2434580769505574,5.693990346724985,-3.501618658120319,48.489,0
2017,3,2.1233397428689127,7.862320015421339,1.1804367912373737,83.105,0
2017,3,6.1448577751163125,1.046992273421246,3.3733015393304093,57.699,0
2017,3,9.242870707946611,8.311892450374113,-3.924386082295659,84.08,0
2017,3,0.4809231041203543,12.813870923309093,3.908267535742686,17.781,0
2017,3,1.1647784967333707,14.247438082295488,4.555177064172408,15.693,0
2017,3,2.954679246267593,5.115302583840508,-4.406617691936101,32.778,0
2017,3,6.783918855030131,8.211096090018378,3.8311940667477504,28.966,0
2017,3,3.4184728549809207,9.92386598938898,3.1245617741890435,25.343,0
2017,3,4.370515218421876,12.644249897086606,1.5996627780191002,37.354,0
2017,3,5.717893159359805,10.472607910723577,-4.479120930728491,58.333,0
2017,3,3.186896039905236,13.256000832470804,1.395620980339606,48.217,0
2017,3,6.116464193899924,10.850920332823929,3.647558956038493,78.665,0
2017,3,2.957475625950207,4.110623845564137,-0.5454131162906606,16.907,0
2017,3,8.862882164557176,10.139887346345104,-4.901392716628605,43.285,0
2017,3,1.5188617233663029,7.338448503069193,-0.2283995358841846,35.471,0
2017,3,0.5446604736683758,3.3312328231348474,-1.7897847372553333,23.27,0
2017,3,6.415685666849944,12.0862033826718,-1.936554247978537,3.981,0
2017,3,8.205521392557188,2.847789904064537,-3.19181520997605,4.112,0
2017,3,5.2756364899941985,2.1228180367494023,-3.717232275374341,24.661,0
2017,3,5.129793498209074,6.323313723270513,2.3135397177737804,29.897,0
2017,3,7.49379016724156,2.002033189231927,-4.5552281119684,7.858,0
2017,3,2.670750074563324,12.606004972340108,4.483093804303666,60.371,0
2017,3,5.375846256925659,13.989615938309768,-0.0616405934807664,24.972,0
2017,3,5.922213993314404,13.943746418963537,0.072039367678184,65.495,0
2017,3,1.1148768783878191,0.6699182456834812,-2.000260918454675,88.864,0
2017,3,2.8236791904265623,10.037754782987143,-0.6639396659046497,89.298,0
2017,3,0.0383714550780089,1.6211624049958244,-0.3487640085222043,37.71,0
2017,3,4.575753322504318,7.99314652045121,2.43299172306979,45.73,0
2017,3,8.449708536401014,10.083009953476685,-3.379775836355603,8.818,0
2017,3,6.957949669407455,8.580819587720722,-4.281247462913756,89.724,0
2017,3,8.085705341473904,2.983375544070261,-2.8946085316215706,13.76,0
2017,3,0.3245107679067571,5.261059476064632,-3.113277087719674,82.789,0
2017,3,9.545538424175,0.0426323049595867,1.2096509627719234,77.3,0
2017,3,0.5570683611524518,13.382293753049414,2.82034269884919,5.963,0
2017,3,1.3141238285526846,5.367199195539143,2.3302421486365805,73.053,0
2017,3,1.606336126185507,0.0237696669951015,3.453372225064138,27.992,0
2017,3,1.0321664887899962,2.282619028228768,-2.7563317230762028,60.268,0
2017,3,8.168902895041683,0.9943528116982536,-3.4890895239461415,15.1,0
2017,3,6.995342576155238,6.040674744775504,-2.4234382319280523,69.861,0
2017,3,8.696164577322618,8.13821793450969,-3.5491055336086177,26.089,0
2017,3,1.9666723239030728,12.953197975071433,0.9440938380907308,48.706,0
2017,3,1.7396088769622553,2.453325576207272,2.0440554416257504,67.014,0
2017,3,4.4967697718372,2.781177267407613,1.2605953144282909,27.248,0
2017,3,7.011442199666535,12.261186829036658,-3.8023306808911506,4.963,0
2017,3,8.689591050208962,6.43258522946086,-0.5803589105323068,32.607,0
2017,3,2.688569129041717,12.380669668034576,-4.016145074930307,26.618,0
2017,3,2.171032294698904,10.176288775705684,1.7919745535227962,58.773,0
2017,3,1.018917539715528,5.5212845649932145,-1.2326125466904534,29.379,0
2017,3,4.194814850898197,5.079649071717948,0.2958820263828965,37.528,0
2017,3,0.6244427497392413,12.237307848944502,1.4571034474563724,57.714,0
2017,3,6.010911673963028,5.958631972002528,1.6948074638593136,51.865,0
2017,4,1.5867887368968492,1.885588597681735,2.2209744626788073,39.23,0
2017,4,4.149712154000782,12.378729999782712,-2.488415986417143,61.188,0
2017,4,4.430593623304211,2.973093978532795,4.721666237406904,36.519,0
2017,4,9.399317919698223,6.464818089857857,-3.6528426913027423,13.348,0
2017,4,3.624313226158291,1.420214857571926,-2.1698303411623043,52.056,0
2017,4,4.784961162559619,7.255707485860698,-1.6205442895470925,59.298,0
2017,4,6.743996518139816,6.433784392405654,1.991062053996978,12.78,0
2017,4,4.6239117691254075,11.06059458046007,1.5937892860146483,24.951,0
2017,4,7.809638636444353,12.523491425465872,3.017474168457607,8.027,0
2017,4,3.0449253274895085,12.928127235237122,-1.8866075707058352,9.59,0
2017,4,0.5239129559486122,13.233526215311477,-0.7259171209568471,67.198,0
2017,4,9.467560351737031,13.060072023214811,-4.9981480470455715,3.615,0
2017,4,1.9763922059113015,1.8492589117861915,2.7909394338177043,54.431,0
2017,4,0.2411019340866682,1.2106268129097897,-4.620616870640645,85.318,0
2017,4,9.353781613071172,11.6599877112329,-0.079182946115849,59.922,0
2017,4,4.136786789852604,12.959322330142658,0.5384029222873625,60.135,0
2017,4,1.1475359941383545,8.314510587719289,-2.070942532982709,6.569,0
2017,4,1.305045596374398,9.053786814873083,0.0948273784391453,67.874,0
2017,4,3.27420958733448,6.412585555700493,3.6755728744553857,41.196,0
2017,4,7.148995340913137,11.576744086025217,-4.335895796272672,83.459,0
2017,4,5.789776465541452,6.268612256931141,-3.291398006135352,64.104,0
2017,4,6.6935698424074825,6.091649707538368,-4.444213270520647,16.423,0
2017,4,9.435741440351771,8.355102094696928,2.6461873401361835,19.636,0
2017,4,3.7641496252069393,6.110734186787106,-1.7092258310996795,70.446,0
2017,4,7.825001443802936,13.000370225990924,-2.4779994938308714,65.758,0
2017,4,0.6864866614787224,11.242746227351711,1.6793674454806524,45.32,0
2017,4,6.013840706885634,14.53224662225065,3.257584576169684,23.881,0
2017,4,5.3563450058757445,0.2839146076719517,-3.412420848879166,57.587,0
2017,4,6.80672373225737,13.722867088811396,-4.973318319907137,78.419,0
2017,4,3.3366089063369264,11.30670901629623,0.6111974178774338,8.83,0
2017,4,7.043353159571804,10.844151365841704,-4.689383435769665,88.513,0
2017,4,8.62489621898301,0.1477023751801642,-2.785900902068102,73.063,0
2017,4,8.60798936915495,12.110184318005528,-4.280536407605596,36.77,0
2017,4,0.6387976743090285,3.934573970766593,1.4355446695641918,61.86,0
2017,4,5.373404968431812,1.7165724527527215,-3.5264723398326137,4.648,0
2017,4,6.211863221940832,4.420722702847032,-3.0055966298678003,30.482,0
2017,4,3.3881302160484816,6.093736439653573,4.879753209773703,44.965,0
2017,4,8.636410524171561,3.7080767839594984,-4.989129801950675,60.995,0
2017,4,0.6390094204837382,1.6649222088271598,3.2639877374463353,73.441,0
2017,4,1.037563435358564,0.1551839470904992,-3.0762690773753087,83.298,0
2017,4,2.303192246828776,11.586164994409264,3.227639354673702,53.734,0
2017,4,0.8956602431631067,4.17697936373019,3.2636318485646463,41.769,0
2017,4,7.16606298960031,7.990285210707236,-1.075481151314921,28.381,0
2017,4,3.5866136302645915,9.580892733738294,-2.2068187093671874,88.094,0
2017,4,5.182797206887111,4.996306970077155,4.651407007376861,35.022,0
2017,4,6.542204620290129,4.391123228747399,-3.8904373896566327,77.492,0
2017,4,1.3722714661687108,5.91726947021258,-2.8253791640861223,67.022,0
2017,4,7.531188471796741,3.6012705290496583,-2.1842571414446974,31.688,0
2017,4,6.022563023772572,13.4822306220952,4.137962594266289,64.415,0
2017,4,2.9993848979806357,7.686596531158263,2.4814526910314116,58.696,0
2017,4,9.760860241995715,6.248883416762981,-3.81603158572346,39.079,0
2017,4,2.9955631961489724,5.087467987875506,-3.047266667528392,68.604,0
2017,4,5.976324398689004,8.402578433510378,-2.589346696676765,26.116,0
2017,4,3.7928339172754457,12.34104729065147,-1.638915107788569,75.158,0
2017,4,5.568386946902411,12.489135195575782,2.7602217844024457,77.216,0
2017,4,0.3722170456932916,11.361032974965411,-1.7733186249028074,21.26,0
2017,4,9.907488093932187,3.938585571539355,-2.00533287052415,55.527,0
2017,4,8.038598862488227,7.700709694204408,-2.8401472427049668,58.779,0
2017,4,5.354649496569541,7.010359324974176,-1.610169106618292,21.54,0
2017,4,6.311880780600712,5.109826159309489,-2.1099366526553656,50.316,0
2017,4,3.6286581699510343,13.210026938252229,-0.7712988426986236,58.517,0
2017,4,8.714885417573884,13.56907879669304,1.5463202591709528,42.313,0
2018,1,2.2504187617087212,12.012040319677867,3.0267916270591897,61.073,0
2018,1,9.833056568184674,8.721809218929364,1.5393136001712024,51.232,0
2018,1,4.63990131464425,9.68393809124713,2.1507636737777567,39.18,0
2018,1,4.692852273257904,9.852228466326734,-4.3049122855141375,13.273,0
2018,1,1.6602182364286078,1.2002740463651902,-3.2760953166428433,3.129,0
2018,1,2.79415884176072,6.69531869144889,4.094607980487712,31.602,0
2018,1,7.294637698316637,8.85256160474616,-2.095210407767454,29.439,0
2018,1,7.516761720229192,4.287621729951142,3.0296630110856686,6.048,0
2018,1,6.234778305192964,1.066660623201552,-0.7286746895160876,36.29,0
2018,1,2.9394910101689753,1.0395675902812307,-2.2444332987877127,65.402,0
2018,1,7.604243116824717,10.865795339970669,3.3298207469843764,77.642,0
2018,1,2.7304061932780677,6.6286176746838885,-1.046434891386169,62.196,0
2018,1,2.1790870825201347,0.7479686474126829,-3.147924883561065,46.774,0
2018,1,7.762904775159479,8.540019478608377,1.198979517603478,14.628,0
2018,1,3.3562327297791175,10.663414956908124,4.1366959744271945,76.602,0
2018,1,1.944476444316886,5.303626854484126,-1.0729146785578303,28.622,0
2018,1,4.445282530501596,6.8132162964787115,4.3614810451302315,86.481,0
2018,1,4.296228638968441,12.441433056509698,3.848741237834588,59.143,0
2018,1,8.944043886485073,10.9639205389955,-0.6581340803653042,51.425,0
2018,1,6.981984306764998,13.215061272220618,2.488274636039874,22.629,0
2018,1,5.927709408701848,0.9637908443191656,0.7704186199002505,12.275,0
2018,1,9.877495390991886,0.0809781327551611,-1.1063198961859944,65.968,0
2018,1,0.1049364113994444,9.11543855246412,-2.462023574440079,37.094,0
2018,1,1.4914082593973743,3.1176558212947354,2.865489363650103,12.217,0
2018,1,5.5329063962300005,11.669167912054816,1.581624765263335,70.39,0
2018,1,7.28786222256576,7.697550244958466,3.177956809794189,30.606,0
2018,1,5.796190972281367,2.894760119085429,-3.4272646592360676,44.559,0
2018,1,1.2169530672667228,10.817389023208158,0.9911868482010816,50.259,0
2018,1,4.454095211057868,13.241725494397452,3.47569048102495,30.868,0
2018,1,8.596795850803328,0.3007906467601279,-1.377045674104317,67.367,0
2018,1,0.1438123598415297,9.365590468854156,-3.4409875646005315,88.909,0
2018,1,4.308582753822707,13.332637676077978,-0.1925908759027734,37.171,0
2018,1,5.445954487107494,11.846426606019518,4.058764220962006,12.958,0
2018,1,8.52212391201674,12.304152896529818,-1.991938389145659,20.603,0
2018,1,9.811815587938424,12.755653789495584,-3.947581019223476,13.847,0
2018,1,1.132996043982677,14.774254745424662,1.462525176571905,4.195,0
2018,1,4.4282937038432415,1.3687748867857217,-1.4999303568932012,53.094,0
2018,1,2.1314211931393667,14.434544747614147,-3.1473197784741247,62.556,0
2018,1,1.4354475594376792,1.0002345054453687,-4.8145180427559255,12.524,0
2018,1,1.064117629028446,11.419131845256189,1.7545561802325054,50.08,0
2018,1,4.1834580749375805,11.14348221147648,-3.573999461703096,16.336,0
2018,1,5.539794872200806,13.8439511715091,1.2120014460418211,12.941,0
2018,1,0.9701821823708944,4.690239975416882,-4.7671292055741805,62.67,0
2018,1,9.468801963410236,8.068792894938646,0.2554967015022953,38.268,0
2018,1,2.7517011248806797,4.645229374694272,0.2835212255123593,34.608,0
2018,1,9.983187565709567,6.271960244563967,0.0464243765905632,53.362,0
2018,1,4.972291950199957,0.954134942647511,-4.715161894507284,59.908,0
2018,1,2.2939350215438203,14.661375625341323,4.041685495477267,26.119,0
2018,1,4.670178665217417,11.409920130354095,3.925423625318949,77.676,0
2018,1,4.483464705246336,3.200446020494568,3.6764403291199983,48.955,0
2018,1,0.76795684286734,5.122891131320458,-0.7696382091781508,20.637,0
2018,1,0.8167976486635398,4.472923168133983,2.9569903267148723,69.968,0
2018,1,6.501132234192136,2.551954910754135,-4.802679043315948,35.882,0
2018,1,8.99023982649484,8.429720124395688,-4.12046991631271,71.225,0
2018,1,5.813210197250534,7.761488397194446,4.933861120286689,87.074,0
2018,1,0.7892985503841232,6.48533988220147,1.7878169423684689,20.015,0
2018,1,4.8927926105160315,0.5207422827584185,1.34190076921191,69.89,0
2018,1,7.227686760107956,9.02116083005417,-1.7532104366219894,72.29,0
2018,1,2.8179735039649243,2.8255234810060466,-0.6875420881972305,63.466,0
2018,1,5.192069746034601,13.95793901511028,-2.1071757555803705,31.52,0
2018,1,3.906935371009488,1.897203850369642,2.6228519523172436,64.351,0
2018,1,9.616127584332832,12.15774729879558,-4.219681293461447,33.255,0
2018,1,8.886421138365172,5.213997216879765,3.201536586856479,80.195,0
2018,1,0.8437089643850504,5.337688668674558,4.069742930684786,13.691,0
2018,2,4.138274653207958,7.301265725284733,-0.4235438396645978,72.336,0
2018,2,3.655957010039668,7.495248454243563,1.7070307414589383,55.249,0
2018,2,7.805560268872139,4.419049994106841,-1.9001986356453004,27.509,0
2018,2,9.283835056363074,1.0926794631779964,-4.437250118887592,48.463,0
2018,2,7.960074024272833,5.918266939220597,0.7891653259271747,78.676,0
2018,2,9.223674846701028,9.112076308628538,-3.59221659987768,48.167,0
2018,2,9.84845743967094,11.186006005220383,2.7906751435946964,76.1,0
2018,2,9.40220805571285,2.6633687956983416,-4.20344159069113,30.358,0
2018,2,7.338831308025413,7.801731217535917,-4.552930685811381,76.404,0
2018,2,8.301509829979182,3.644180425305659,4.281060894780875,49.176,0
2018,2,1.9324941523416816,0.6042196010097051,-0.2078374256648372,41.469,0
2018,2,4.077157706652253,12.538326121893636,4.393350157429868,85.032,0
2018,2,6.504252488238643,8.851911088898131,-4.830901867436329,8.943,0
2018,2,3.9788417555702305,9.961510067218365,0.4159546279834289,16.869,0
2018,2,5.920168427890628,14.541622036983853,1.333121744366106,65.167,0
2018,2,8.372630071385087,11.043809219406931,-4.348002332938496,46.755,0
2018,2,8.913182063602987,14.42832358088562,0.4213750930616662,66.964,0
2018,2,7.877421883023699,9.821560704031324,-4.424281346972029,20.333,0
2018,2,0.12341046060374,7.720042860777413,-1.6171440779009094,62.426,0
2018,2,1.9416286904608224,3.764808094741061,-2.569980858712142,23.195,0
2018,2,4.107092453916662,5.10324357683002,3.3277503122734906,50.199,0
2018,2,3.2072452445995756,1.214245530335341,4.345369816412033,61.185,0
2018,2,7.931285379630564,3.1120415708831577,-4.562341528016814,11.219,0
2018,2,2.098976295862307,6.167233985102081,-4.615743543609414,22.276,0
2018,2,6.714060726437369,5.6197382852224305,3.167675731295832,31.668,0
2018,2,4.713082745741212,1.4073280859316473,0.5584048768349863,72.694,0
2018,2,6.13151911103018,14.037234361667188,2.216883912281636,58.578,0
2018,2,1.241073677137774,8.00217713859439,-4.310126917413194,41.071,0
2018,2,8.456673490987715,11.082020749022846,0.0637142075626195,12.963,0
2018,2,2.0903703738592228,10.168423777441316,4.591309329279143,72.61,0
2018,2,2.4254427658297075,10.32967578396585,-4.475078160469701,20.833,0
2018,2,2.892439028196682,12.064570694332753,-0.7284231929895624,61.139,0
2018,2,7.569276593414415,10.74223168313542,4.830804459530004,11.195,0
2018,2,8.227029217172063,0.5210992116717222,-2.491076236461488,27.809,0
2018,2,0.5774107946703599,7.917110453382449,-1.7994464494452176,83.039,0
2018,2,1.820631288818554,8.435675705766032,-1.5022754310492168,66.103,0
2018,2,8.662270305786768,12.65059981012508,-0.301914371170989,85.757,0
2018,2,8.662328702676703,11.729289254582278,2.835560166424261,68.311,0
2018,2,5.391910795136329,4.02017250779396,-3.72206511742178,59.388,0
2018,2,0.8678295406499048,9.859782377344088,-2.355278424630032,50.431,0
2018,2,8.981464448201008,11.573832967017209,-1.1588508875623074,15.19,0
2018,2,7.149528235517772,11.974094948194583,3.436522565284976,62.09,0
2018,2,3.587557620212738,9.058108677392852,0.6707997057353099,76.002,0
2018,2,3.234428551001968,8.44218916430445,-4.293290353048944,15.92,0
2018,2,0.0062751662845617,1.6928724741554575,1.7574525516418325,32.87,0
2018,2,1.2722488693701073,0.6273243567969805,3.9558318999118143,76.065,0
2018,2,6.9938474098736725,7.126184700753658,-4.643947734834912,20.13,0
2018,2,1.764397704703503,7.521711297625091,-0.3438130516203781,80.318,0
2018,2,6.658308276518625,6.217214688815399,-4.60849455722922,59.831,0
2018,2,6.850060866631788,3.748143152482166,3.939876737572474,84.646,0
2018,3,1.3264457760095316,8.801221784510144,4.841933917185635,38.597,0
2018,3,5.694844841722539,5.680113149591754,1.964377927022132,78.955,0
2018,3,5.546877097800863,10.366588050807769,1.6179071381452097,34.174,0
2018,3,0.6652760821085524,2.455134955945918,0.032639009008144,89.437,0
2018,3,2.497721624465198,7.716786516023092,1.806038701191533,75.369,0
2018,3,2.8732671650890196,12.819285386827165,-4.2035839371097685,72.074,0
2018,3,2.162505281865289,3.545141149923144,1.8693835566670296,41.909,0
2018,3,7.905205102716735,12.881280384137758,0.9159932291673964,14.23,0
2018,3,4.606698298334892,0.6960432902268848,-1.2985208164958308,49.668,0
2018,3,2.9807565052482277,7.36041518890476,2.229010074477779,9.732,0
2018,3,7.859252762089134,12.201103403470196,4.738777670436397,86.138,0
2018,3,8.548057787992615,4.475066153812481,-3.687845170683135,73.935,0
2018,3,3.303914736656165,8.39990507195337,4.489773441195959,21.065,0
2018,3,8.437550439872936,0.0816556378753585,-0.6703245300094647,6.436,0
2018,3,3.173054774204865,13.006199957376356,-0.3743669168620043,88.772,0
2018,3,1.285964859605525,2.7890046131157686,-2.468478745103826,36.746,0
2018,3,5.896534951515476,0.549445463982291,-1.642134164971638,6.415,0
2018,3,6.384887847991355,5.2437779367658806,4.409461932706545,22.178,0
2018,3,5.45923533309,13.894199427726107,4.112354154476932,39.214,0
2018,3,5.7782797151143575,12.749062371070856,3.325283487923821,37.082,0
2018,3,7.930630283706559,4.485190194140191,0.1247470411951701,14.304,0
2018,3,9.338659428462488,0.4716893258842131,1.5148915352961296,47.885,0
2018,3,7.056353963689816,6.227453799061561,-0.865267358780315,23.967,0
2018,3,5.643953803389897,13.068970279052358,2.395864896782488,59.305,0
2018,3,8.293851501423745,0.5602940465333239,-0.7915661161333176,45.732,0
2018,3,2.9923200430106056,14.973336759135758,3.583094405070481,38.391,0
2018,3,3.876951548390067,6.708206111906776,-1.9977454575234168,33.608,0
2018,3,7.008656991254286,9.896454606796256,-2.4627080054288255,73.218,0
2018,3,5.839192892611353,14.865847631086304,0.0596556302000292,26.279,0
2018,3,8.848079470306509,14.434511236683598,-0.9011586912472938,58.619,0
2018,3,0.9564069602371594,14.840109567594356,4.565539673328512,79.688,0
2018,3,4.023730507224677,1.5839759403921143,-2.6040511703460867,40.124,0
2018,3,3.1790467377328357,3.604684654450117,-1.6125873704651816,14.584,0
2018,3,7.9418234531718355,9.11939026248513,2.4300191852094795,51.85,0
2018,3,5.1395544669070805,5.3454995663258495,-4.466510054501392,70.952,0
2018,3,8.890121901109595,0.9970969531375734,3.899637051372478,8.839,0
2018,3,3.808903626246626,10.691306321438764,-1.7003068605530638,76.306,0
2018,3,6.66935417557217,11.01162871846354,2.43589406521226,72.108,0
2018,3,8.693523009923474,4.939579692968989,3.555111753865077,87.716,0
2018,3,6.716602309978987,9.660396556679162,1.995589594516332,89.151,0
2018,3,6.839751299151413,12.493974725893723,0.6105283952387905,56.678,0
2018,3,5.745821975518796,12.354888764759608,-3.357020160475277,43.144,0
2018,3,7.336428403644485,9.350855805405711,-3.0661734050117504,21.637,0
2018,3,5.449822781000179,3.2061039309168295,0.6185065304529855,63.304,0
2018,3,1.6493402685273106,2.294428059086156,-0.0332272642227247,28.437,0
2018,3,6.241134200456544,1.0517706862048448,1.6217301232357269,30.924,0
2018,3,3.517201113456523,10.745317243111304,-0.4559024871853614,32.602,0
2018,3,0.6930777303829483,1.476520635674846,-0.3213726263921765,65.15,0
2018,3,0.2916989229074329,11.901548728310424,3.8644501139725738,20.469,0
2018,3,4.298446697431554,12.931561101772202,1.8624993585750724,4.32,0
2018,3,4.068984313906279,1.609518155560088,1.8607315542271952,83.634,0
2018,3,4.5128517717764,6.372461049649668,2.922899533309023,10.67,0
2018,3,0.9524893397286948,6.298055576734069,-3.437558857480832,75.629,0
2018,3,9.935781728192186,12.512028576155764,2.3672242650139648,52.999,0
2018,3,1.5915908399382983,2.31092479290972,1.0514219680286772,38.011,0
2018,4,8.243268918792692,14.877476886954454,3.127568532971596,50.951,0
2018,4,4.289849318408905,9.731027083136013,0.8003848790092247,86.133,0
2018,4,6.383222397918265,3.7821593375841536,-1.4575399681075574,54.954,0
2018,4,6.185270587181856,10.70478111740614,-1.1418747824071065,20.533,0
2018,4,3.06051463522788,9.45834046363793,-2.570315415454294,26.324,0
2018,4,2.072729790676676,1.732587992346993,-3.443247872357623,51.503,0
2018,4,2.197067903914004,3.3065682733892094,-2.7430532560956977,15.342,0
2018,4,7.76803332139888,5.045905851043641,2.8654365591004733,49.647,0
2018,4,6.15253653282414,3.9462004488628617,-0.8365050120356834,59.319,0
2018,4,3.6154139875403857,12.928204966773858,-4.669478051205602,62.79,0
2018,4,2.757574044412813,5.44983858129336,-4.499777330834421,55.508,0
2018,4,3.1965205529206253,3.392273997031776,-1.3350642083883657,86.866,0
2018,4,2.798926522464269,13.313128615896206,-0.5714980252478927,88.965,0
2018,4,0.6188570168047525,8.65596067838554,3.315982964410765,11.109,0
2018,4,5.660716464481651,12.747639068955362,2.50092412853639,16.317,0
2018,4,3.781007697874508,13.817441050418235,1.3302890540774248,21.212,0
2018,4,6.611406784286965,6.900961751213426,2.18992475398061,27.363,0
2018,4,8.63009046067227,4.903398945834097,2.470084995969594,32.814,0
2018,4,6.946537728101754,7.282464604239952,3.910551938418209,6.331,0
2018,4,9.415768527339338,4.270316423164075,1.4766935612082586,7.37,0
2018,4,0.7672282685288523,13.941113491053104,2.930081591225383,15.873,0
2018,4,1.9881406093740297,10.882170510232305,-2.476659955867724,87.61,0
2018,4,2.246024400748849,10.74679472338185,-4.176578369032783,85.212,0
2018,4,6.269684345287166,13.966354357620222,-3.7343786349324097,14.447,0
2018,4,8.712516273986527,13.40959002636644,-3.3209680339791117,60.467,0
2018,4,6.360473423391266,10.8193090346074,-2.253518071315117,51.355,0
2018,4,9.954741523468144,2.540947494473678,-2.7390080637330785,6.09,0
2018,4,8.58761429838704,5.081248563217608,4.996356254254438,82.139,0
2018,4,9.69615938904338,10.949898369674454,2.99073419486196,81.95,0
2018,4,8.259409191119182,6.140836967751277,-0.8874481208967104,25.942,0
2018,4,8.32937392318661,3.143019359251885,4.659944945574624,6.878,0
2018,4,7.381682705368436,7.242151399925555,1.8988873223840352,36.427,0
2018,4,8.364155965798567,2.2970220090660582,1.511923081508607,36.63,0
2018,4,0.4966149145971887,3.6131709555822407,0.5203237583984999,3.527,0
2018,4,8.279764635022515,7.957097807966884,-0.2976504039071868,19.855,0
2018,4,7.434351739561944,11.85904447154633,4.401218933105326,74.633,0
2018,4,6.697544512182478,13.434793793747652,-0.6645487684264042,30.312,0
2018,4,2.060056785520399,12.085571887218054,-2.745426132623413,76.885,0
2018,4,8.386088875339622,9.76299592881211,1.224855387062297,63.012,0
2018,4,2.8231383421072023,4.863763107779559,3.3466852178970523,31.859,0
2018,4,0.5050739238280655,13.947877507508414,3.3829411700076335,52.531,0
2018,4,7.966448690151381,4.160201425869438,3.829754998308971,12.343,0
2018,4,7.472975575598568,4.772812191845831,0.8051927667637013,27.26,0
2018,4,5.091354129215992,11.084187698680912,-1.3570924532642104,12.835,0
2018,4,5.689831943041228,0.2705686425696668,0.7358460695378906,44.504,0
2018,4,0.2498408228184945,14.791012203144026,2.911826673889345,8.728,0
2018,4,6.603882523958254,2.575512548254635,1.9580231482578017,33.941,0
2018,4,9.061009286804255,9.080154419163456,-1.9980781569433557,30.491,0
2018,4,3.0644233655024298,12.587885143073075,-1.8188925759168304,49.032,0
2018,4,8.599407141834092,3.761975026679441,1.7998551012821355,5.565,0
2018,4,2.984930980749633,10.58234322867952,-4.676246227255919,17.887,0
2018,4,7.403782969410198,0.470423532068826,2.7455032747369152,52.635,0
2018,4,8.486065518987797,4.0305110363140235,-4.828483193033859,76.937,0
2018,4,3.145641509273652,14.21300776100168,-0.3957317763339851,24.179,0
2019,1,6.442567236508116,3.4559260727184657,-1.9512064260879296,54.466,0
2019,1,6.580825847491903,13.688990183870857,-1.62780090089774,38.732,0
2019,1,1.771925010111911,2.142688613878856,2.6820676780749073,26.053,0
2019,1,1.147969272512801,11.849617500251592,-0.4253835341417815,8.015,0
2019,1,2.988571352590308,8.81021686864542,2.7957644886126953,50.411,0
2019,1,6.821531615616349,14.58783743450493,2.3230419221946583,50.594,0
2019,1,3.5513164775381254,7.670086346941991,3.226362715572206,53.849,0
2019,1,1.5830390010561437,13.981936496709793,3.6286257712928247,42.978,0
2019,1,9.128924447365756,1.866513119201328,-1.0199356249618496,27.133,0
2019,1,2.3389693147220347,11.32590622224274,-2.36039145868129,66.721,0
2019,1,0.6569211648965922,7.673859159698238,4.815790297645945,18.162,0
2019,1,8.871193172236984,2.3838715026625734,3.9814417066515713,52.746,0
2019,1,7.590869325556384,13.44422328245682,3.3502358837169393,27.642,0
2019,1,6.024698307034551,9.506954639890932,2.02791021377846,55.33,0
2019,1,8.987878897373477,11.055952764662628,-0.4463586543849951,89.117,0
2019,1,0.6581176069057648,1.5142152245406093,3.603701372804806,27.085,0
2019,1,2.260331967886521,13.124815320789772,-2.882007114184523,35.407,0
2019,1,3.9413604678262817,14.589399066488289,-0.7289343716295758,12.047,0
2019,1,3.738081088670024,2.312212865045012,-0.519248484183656,49.526,0
2019,1,5.980091173287496,4.4708635769221425,0.5493164437434324,15.93,0
2019,1,0.0733415083618027,10.258151117449597,-4.5037537225647455,43.854,0
2019,1,6.522751108990502,14.41072127504726,0.8153047427711062,7.629,0
2019,1,2.7553656714085117,11.758928826792,-2.7609379808651946,79.681,0
2019,1,6.80479462524374,3.356675794064643,-0.5074010806916087,82.618,0
2019,1,0.0681469790012812,11.022757807494015,-4.4329534862995335,87.6,0
2019,1,3.237308256104237,12.60948967228688,4.233846679907238,16.615,0
2019,1,4.158613394079476,13.463432901797402,2.4455685710457935,68.843,0
2019,1,2.7450667350707825,0.6965048322421846,3.318880637567295,7.539,0
2019,1,9.525167896845986,10.729006237638664,-3.932436695055869,47.676,0
2019,1,1.9427357100180145,6.552900548356899,-3.157505255055666,11.951,0
2019,1,8.53654548941112,12.38296235020124,-3.2479763707596,22.377,0
2019,1,3.972714728404597,4.868311645963892,1.6797306082218473,24.698,0
2019,1,5.831278234528693,14.579262678897084,1.785314107300647,52.05,0
2019,1,5.180771651975611,4.5073313794895835,0.2182322494995228,26.557,0
2019,1,1.3637032746756583,10.664819121955244,-3.316147016969455,39.884,0
2019,1,4.19136174442055,10.187375186153352,-1.3172967455487905,74.153,0
2019,1,6.949183797815075,9.235890801677591,-2.440150462092215,35.121,0
2019,1,0.7748297379238589,7.901389315383229,1.5759383224387715,41.653,0
2019,1,2.508734717161105,14.897311553852408,4.450057830086813,44.196,0
2019,1,6.101960089858345,0.186383906908984,3.0078341337389283,61.791,0
2019,1,9.378257999850671,0.7956882179554253,-2.0065322351532267,9.544,0
2019,1,9.929434657829072,13.617237866661066,0.4029424267236638,8.9,0
2019,1,1.3705280282815546,5.879117846826561,-3.848360880954744,73.599,0
2019,1,8.994125221673253,14.54041867493664,0.663116215191045,6.642,0
2019,1,1.0252919822780138,13.190954899588268,2.033053068633781,53.84,0
2019,1,7.157359264107953,1.1927956994474815,4.377530155114837,4.461,0
2019,1,9.839309401424025,6.892436622966151,0.5165524879045647,42.191,0
2019,1,6.267705194172218,8.39737183324185,-0.6530960733641402,19.444,0
2019,1,1.727567562462099,14.88362872291683,4.698913418817632,45.69,0
2019,1,4.401803286971932,3.3638757472684757,-0.2583982548187471,57.471,0
2019,1,5.782183812232895,13.752098671121646,-4.667453927873919,47.227,0
2019,1,0.5290743327066438,2.5434527785666363,-3.615573655344596,23.76,0
2019,1,4.631994363089205,14.133505792367492,0.6071173915131824,11.33,0
2019,1,2.067976760441441,14.465751281760564,-2.2228436075942737,57.681,0
2019,1,5.843959215894574,14.957553771385866,2.26608021181275,24.258,0
2019,1,6.045741102582421,12.370218588419046,1.74231449748532,12.136,0
2019,1,1.0094162555639885,7.0469883101779915,-3.110749331608754,79.942,0
2019,1,9.998492444864002,12.647668809792608,-4.466699317932537,51.063,0
2019,1,5.657420260709014,3.704448362427314,1.778731204686652,87.451,0
2019,2,7.743026829445951,9.972269860744063,-1.5614642445742066,31.39,0
2019,2,2.78457546373573,13.739024437667306,-0.5681992485534053,53.302,0
2019,2,0.6980065461462892,14.728457100528685,-4.2414844271764505,46.095,0
2019,2,2.3079465392653176,4.154319271869148,1.3766404614859065,19.277,0
2019,2,6.693086091618792,1.3631480755447256,3.2251780199834847,33.394,0
2019,2,4.384567152505782,13.616262003618568,-1.366267915019023,64.134,0
2019,2,0.9858292702241234,10.079642068905766,-0.8360782985807971,68.875,0
2019,2,3.711695160195314,1.3012295325207237,-0.324561503062343,12.752,0
2019,2,8.956979631993724,1.874348491260271,0.8457647275150713,22.92,0
2019,2,1.8267238423966816,4.348871439495428,-4.878752499122552,68.95,0
2019,2,2.1695624586387954,3.959632795647448,2.6844790045961773,6.625,0
2019,2,7.101147663372793,7.284461010481883,2.7856384754675956,60.966,0
2019,2,0.5021443169045525,0.0732669903037791,2.141319936021527,12.36,0
2019,2,4.422522765195591,4.584727452542752,1.771012763573646,41.516,0
2019,2,2.46519905637983,10.63690787228906,-4.678347296773686,37.571,0
2019,2,1.6906177843971626,14.952115690182811,-1.8880639753105557,27.45,0
2019,2,5.811954237209566,7.180525808539984,-4.84437453741284,53.119,0
2019,2,3.991667945110195,0.1699888980673131,2.053805596474173,22.928,0
2019,2,9.410482600383771,13.87465422352552,-2.8693944898246446,18.198,0
2019,2,4.783354816705558,10.750778786514628,2.693957768408022,87.93,0
2019,2,3.543771829861353,0.3006899929884704,1.8264488229313136,36.514,0
2019,2,3.160776838432641,14.386684379944407,-4.103862760046773,30.41,0
2019,2,5.574049643141872,12.833833411133453,-3.727074669049216,30.26,0
2019,2,8.12390724186151,7.093189833158176,0.9412146649918816,11.566,0
2019,2,3.060471662287715,0.6142729822421966,1.172910760526177,4.987,0
2019,2,0.051396275855603,12.56809905179044,1.8249303373714871,86.905,0
2019,2,6.46837228926381,1.798320472257681,-0.2971152329682418,79.022,0
2019,2,3.078741252743674,10.892842257931576,2.1481069213127757,63.482,0
2019,2,9.324889235898018,10.068323345194765,-0.773130644918397,75.551,0
2019,2,1.7187651213592423,3.714256307620778,-3.340055393248748,25.03,0
2019,2,5.036886093282389,0.4998479915926268,1.750466222899199,81.578,0
2019,2,6.191680442430584,6.450830177869115,-2.9494490658116423,72.283,0
2019,2,5.1729348215225315,7.412364053277066,0.9298848878250984,43.693,0
2019,2,4.923623035196258,4.465105733892686,0.7136396966915717,20.97,0
2019,2,3.0941279487044437,13.699495674000506,1.889557901711698,26.371,0
2019,2,6.141331761875181,10.579599638038909,3.907455918497213,48.537,0
2019,2,5.473246843394861,5.0720998272571265,3.888842740838326,28.433,0
2019,2,2.422571575847674,8.505184881302583,-1.981608797524845,68.623,0
2019,2,6.63742738625387,3.7380565588693098,-0.0642720673101893,44.057,0
2019,2,9.339779741445192,3.7987922544857433,-0.3859880917442391,80.199,0
2019,2,0.6220509152569098,13.522584291769547,-1.6185646177580382,82.845,0
2019,2,7.9199303340570975,8.793122492857634,-2.176339324479428,86.459,0
2019,2,0.3238913777599506,8.072056015663273,-3.6477214904483617,20.465,0
2019,2,0.7741155198475058,14.299863973307076,3.138259000987043,49.434,0
2019,2,4.835745857038675,13.225117654303086,2.485843470035328,41.664,0
2019,2,4.577438171662134,1.6659495492248206,-4.575212333681991,13.295,0
2019,2,8.136088133673558,4.386627068842736,1.3403039260503355,17.693,0
2019,2,1.9962880765991753,12.533471978568524,2.0745479173290136,51.167,0
2019,2,7.0208256688449655,13.712346924802516,-0.2869559824349181,8.177,0
2019,2,4.126782483791493,5.353498307621322,0.9361321656938406,23.14,0
2019,2,8.181455811278013,9.374134126610924,-0.9411224739527456,35.437,0
2019,2,2.1045967217653425,12.541189127502577,4.204723006138881,82.763,0
2019,2,5.011627314574904,3.3529173345226706,-1.774216054966644,9.589,0
2019,2,0.1055163681590054,4.028987422516288,1.167241127000736,44.003,0
2019,2,3.717269846164606,1.3273034354852102,4.543646155515045,25.789,0
2019,3,7.837723890172493,6.40185558290879,-4.294950444317427,22.929,0
2019,3,3.1810444690347204,3.1241651273031867,2.0171363406609526,89.675,0
2019,3,0.1574291299567698,11.96005208474944,3.3412543324724595,41.079,0
2019,3,0.6932833038776476,11.021427170330163,4.246626882915956,59.21,0
2019,3,7.4056472325951,1.6857889843728873,-3.936318336147563,38.255,0
2019,3,1.7424340164537957,8.309549248174124,-2.2487224262390795,75.618,0
2019,3,7.574644454507177,1.7127567035569824,1.4744692375124815,21.423,0
2019,3,4.858174289126315,9.027395229495715,2.2577104695777734,70.975,0
2019,3,4.207612017659258,8.784062517592607,4.9645050510008915,88.483,0
2019,3,8.364984906180336,12.816826247781052,-2.8277590084891857,39.067,0
2019,3,4.30983901920822,10.829747204274671,2.764033220221032,3.05,0
2019,3,4.198486976863176,0.8018806890722724,4.526654280983665,16.105,0
2019,3,3.046023557741905,1.3966073476258511,-1.464088540426815,81.352,0
2019,3,3.3753246588381893,2.501464033090381,0.9791099226333246,27.734,0
2019,3,1.411075940213511,10.506822981365367,-4.8793748217759925,86.301,0
2019,3,0.3002133214907188,9.542005015920983,1.1627048920919156,43.244,0
2019,3,8.895766183304922,0.2916938762931992,-3.0782726678555106,50.738,0
2019,3,5.985951074046708,8.229514577918753,-2.084222832400693,79.521,0
2019,3,4.553831354806076,6.719305457717784,-4.46000707818961,87.054,0
2019,3,6.144000074313238,12.024292289730504,2.3848397218610575,21.201,0
2019,3,4.695186653456337,4.810996385170096,2.901663868934623,9.577,0
2019,3,5.66892796249536,8.3051675030915,1.1344547256799018,35.089,0
2019,3,8.353725302842461,7.636227428497067,2.395034549060827,87.859,0
2019,3,4.511931914507237,8.839285917942767,-0.2946206520972518,18.667,0
2019,3,9.369278637311387,0.2757148466286307,-0.7667327297747288,71.861,0
2019,3,7.302433343578681,6.760590873755785,1.2343813369411205,78.355,0
2019,3,4.340521760809567,4.371227080140729,-0.6395841708704975,30.277,0
2019,3,9.117258769127757,10.6007786556684,-3.0800804976920992,11.301,0
2019,3,9.221919280512845,11.47318245132703,-0.3822184421951,27.256,0
2019,3,5.311094963375275,9.921717249196517,0.1079203049888386,15.939,0
2019,3,2.4183819541535314,11.647303219735004,2.269538687331,67.749,0
2019,3,1.9033697509504752,6.676599955769912,4.6925546371968085,82.304,0
2019,3,3.392202983917838,14.878392859794628,-1.4835226588609562,54.306,0
2019,3,1.7841609656349575,9.410948329737696,2.550806621216796,86.804,0
2019,3,4.8721200692191395,1.5339642149567403,4.4240286475699016,11.444,0
2019,3,2.0146392105353295,12.402106691715492,4.3554553951176604,25.152,0
2019,3,9.85803659450305,9.290223734382558,-0.8315076050659753,46.677,0
2019,3,1.8693142944144692,5.106616201491276,-1.1741117632907994,27.24,0
2019,3,1.3105863080429037,13.638485646922522,-0.372400591060269,39.345,0
2019,3,4.567305928858403,3.3864461231254217,-3.526355978450888,43.309,0
2019,3,2.782676608187696,2.8775417190151584,3.8690672439217586,71.211,0
2019,3,6.771449666716692,8.143895836496766,4.5977498176631855,60.981,0
2019,3,4.83549850790369,3.919925939113527,2.053563363554206,17.388,0
2019,3,3.9678932541458423,11.988571413051872,1.8947389940676391,68.223,0
2019,3,3.0412384946803614,0.7259382291864841,-1.0306813761565137,40.096,0
2019,3,9.106649953838884,12.254365310913933,-0.4797142653531461,63.098,0
2019,3,6.0289288260543525,11.880668865734416,-4.535039603086957,31.288,0
2019,3,2.23009823533733,4.718723198193409,-3.1185307279059105,60.326,0
2019,3,9.830646996148204,2.3222363230760292,-4.122660727373011,31.61,0
2019,3,9.94774954573906,7.445983825156263,-4.758219562458298,17.026,0
2019,3,8.685528307858377,4.792821777112137,4.752940514300462,75.427,0
2019,3,8.054960460322443,1.7038097606801237,-2.7156370400212495,10.466,0
2019,3,2.9987426844406495,8.751330227745026,-3.009823079850129,48.878,0
2019,3,8.819755551406075,0.919481916738354,4.352701625819336,71.008,0
2019,3,7.389304553494722,2.307388867611164,-3.454359933501172,9.674,0
2019,3,8.551653449714728,14.620176162106745,-4.519976973698707,18.935,0
2019,3,9.783308076772478,5.469599865206744,1.3695761802079955,30.431,0
2019,3,2.3756001456776987,5.683306354989079,2.454524135070204,83.875,0
2019,3,6.383500651307308,11.938697136302348,-2.702393251444737,52.874,0
2019,3,6.109263874834779,6.198050708952882,4.6947282042718825,24.54,0
2019,3,4.9328082733856,1.4780590075161104,-2.7041269110748365,55.712,0
2019,3,1.6361648874255508,0.9612688140609932,-0.3146195478431082,55.062,0
2019,3,7.0775320760539815,9.243260944412087,4.6609706408790945,48.311,0
2019,4,5.493426449027576,13.590286065665447,0.4667949988878694,11.734,0
2019,4,2.0106515204994513,10.90902705678651,2.196945714608374,14.123,0
2019,4,0.1369855040891454,13.288831716651377,1.413932487233165,57.698,0
2019,4,9.1567223226165,0.9869732669285848,-2.0393615928741413,4.643,0
2019,4,3.7653028778929833,6.571674765499428,4.565708574521597,32.778,0
2019,4,1.9950531492960843,14.217951629986032,4.134129381640321,15.674,0
2019,4,0.9216795847243232,8.464252526001479,-4.988685248791298,10.66,0
2019,4,7.835000808452567,1.5982687082416946,-4.618817548115084,49.659,0
2019,4,2.2306206154275685,14.972925817166786,4.340364906590105,49.35,0
2019,4,5.764724375577539,5.81436937803689,2.188082349491646,67.873,0
2019,4,0.7656825843353898,4.332591217162703,-3.816546662821221,34.676,0
2019,4,2.314800959129882,11.032175824998715,-0.1668855130270605,26.636,0
2019,4,2.780995150663564,2.284353706014829,-2.1187487114530823,55.077,0
2019,4,5.182761764476464,2.70955046911973,-0.8162529489215249,82.182,0
2019,4,3.7961676445167023,1.594177673558037,-2.2103380557980614,18.993,0
2019,4,5.848386316888821,0.2324736273928546,2.035081440883408,30.444,0
2019,4,5.455821217920665,6.027201879025427,-4.657083216894576,8.902,0
2019,4,7.91463540889519,6.548725826127367,1.0853464327723836,12.808,0
2019,4,1.8345240115022932,11.340063626611157,-1.5196984729174714,59.152,0
2019,4,9.91453567842792,1.6990462959702868,-4.894739536902986,79.794,0
2019,4,0.8166727586009626,13.673868417091898,-2.9923327094066487,12.947,0
2019,4,3.258234607704847,7.907209414487707,-0.5987230345367358,88.55,0
2019,4,2.32541331620855,9.539093651121505,0.9792942681982996,41.93,0
2019,4,6.164281773718701,11.172980376994191,-4.115624126644976,68.47,0
2019,4,7.914097505069756,10.70851400094897,-4.534584787809319,80.994,0
2019,4,8.950652888512458,6.040068123809967,-0.7752124943858991,58.329,0
2019,4,0.6810902472352254,9.293523371679894,-2.728502532286731,32.715,0
2019,4,1.9477349768722585,2.523166386503124,4.450374653636045,21.546,0
2019,4,7.879701335909316,4.437340778727947,3.908569645276385,61.609,0
2019,4,6.246639742837168,0.2059978212386742,-3.253003697762187,66.983,0
2019,4,5.370413147419742,5.879516104116945,0.090833066899516,19.708,0
2019,4,7.059562365800072,12.996411043481343,1.7699960536578585,24.383,0
2019,4,4.123664872746811,14.17450595460114,-2.655511511919605,72.702,0
2019,4,3.957776796604308,9.061959432848028,-4.074445541389718,56.096,0
2019,4,4.182911110934859,10.30299740602365,-4.2976269413051895,77.362,0
2019,4,1.0137984246986351,12.324740008201086,2.068194450101439,43.352,0
2019,4,0.4093394437434539,3.1398272407052557,-2.755271305713972,48.564,0
2019,4,3.828831472841835,8.415102546223812,-0.2940818419821633,65.423,0
2019,4,3.4585885797526927,6.2324009504387154,-3.784492392690894,19.494,0
2019,4,2.547487073367188,11.952722651581848,-2.777089461704454,64.41,0
2019,4,5.140819207661853,13.618090154028607,-0.5373774819010135,44.191,0
2019,4,2.25839632223392,10.156595492944174,-0.928586154440886,3.589,0
2019,4,2.518067660508815,7.313724050950741,-1.3209707471372436,52.876,0
2019,4,8.211424247203473,0.9884102731787948,-0.3616565704994778,12.622,0
2019,4,0.5544523570384141,9.412592313026494,4.844673730926161,15.453,0
2019,4,8.787465236769298,13.589604952638906,-1.178851354904814,52.993,0
2019,4,5.147842349331344,10.240909466929674,2.532595385958187,13.148,0
2019,4,5.73431825355661,11.04977812837182,0.1728676776792657,88.49,0
2019,4,3.157211297704886,0.5557799054023915,-3.48756661853034,8.432,0
2019,4,6.187469824576063,12.73186879163761,-4.356763027667143,79.151,0
2019,4,3.661131179287512,4.715775616011877,-2.387126396631621,65.349,0
2019,4,5.674432080232296,9.680980114687276,-4.7167564245297235,41.418,0
2019,4,5.365256083934482,0.6184172099859059,3.923384702208084,87.418,0
2019,4,1.692030516772518,6.7196278820779,0.1071328694503126,18.611,0
2019,4,0.8514363655608215,9.39728459956136,-1.2032041690176234,76.48,0
2019,4,4.262977174034259,6.935426762216,1.4146085233221974,31.478,0
2020,1,3.0690451319457,12.086458774399969,-1.1709067182021435,33.75,0
2020,1,8.259177073160304,7.552702669469949,-2.546952829409188,83.488,0
2020,1,6.316435150828916,0.9371964203673128,1.7320424601580946,49.073,0
2020,1,9.102130348677566,9.330137832134708,-1.0364382803252514,39.136,0
2020,1,0.7482120519497304,10.14236000180168,-2.1538973543982287,67.967,0
2020,1,9.917728809792496,9.84002031979664,3.4326204282176427,26.412,0
2020,1,7.481608263876856,1.4802784163988092,-2.6307407926855255,48.013,0
2020,1,2.9639200687528344,5.8799706583372275,-3.201036812651612,67.27,0
2020,1,1.1728014780044504,13.75441669653733,-2.918900035794926,80.332,0
2020,1,1.506874870008338,0.1619758858426795,4.159277461037812,86.611,0
2020,1,1.2627113710773186,9.8430447056041,-2.120213920674996,40.921,0
2020,1,4.764612712393995,5.966600272965595,-0.6034426594083513,40.083,0
2020,1,3.373028364674864,11.469653589211685,0.8913340315603824,9.125,0
2020,1,1.6253798746870785,14.888965778724904,3.004108624936782,28.041,0
2020,1,0.3808630059931928,0.756833559301856,4.970218045616971,24.673,0
2020,1,3.636453589194496,12.849185043373891,2.132190050771051,22.322,0
2020,1,7.964843893295807,4.520876936495388,-2.132042708114602,6.143,0
2020,1,9.215133919074178,2.6405952323245603,-2.8936827772569904,22.332,0
2020,1,7.950580176061312,13.716625942310076,-1.7477880862536574,89.151,0
2020,1,8.634846083691153,8.332876020940795,-3.5693931779529233,63.587,0
2020,1,6.577653832726,9.162901252752755,2.443368428217001,89.994,0
2020,1,2.0214939922527075,7.24517783322568,0.3139179313843776,14.44,0
2020,1,3.428389648054507,7.1796730582578725,-0.0524276041419566,48.302,0
2020,1,4.873844416720429,1.4243047112749652,-2.440192411570028,3.079,0
2020,1,7.912842924966835,13.56571701998285,4.491705051076304,88.38,0
2020,1,9.38714635374035,12.58456645011102,-3.6927348343272537,31.395,0
2020,1,3.72999835566863,1.892926365393549,-4.523847724294483,81.643,0
2020,1,3.821329088259878,13.645902569012954,0.9311277832472732,16.669,0
2020,1,1.207466358966801,0.0271805080387749,1.3381540622994486,63.369,0
2020,1,4.0514855367840665,11.565575553672822,-4.919153234699891,87.268,0
2020,1,9.24309567052558,10.899066559978037,4.318257230616197,77.155,0
2020,1,9.53945212493776,2.523906665070062,-2.288496388227804,47.261,0
2020,1,2.9025510537252943,0.3042047234187123,-1.5233432924113344,76.391,0
2020,1,5.684319543305033,1.870461706854048,1.451371239357206,47.917,0
2020,1,8.20591789324148,3.163910041597679,2.0687284554343854,45.427,0
2020,1,7.128823693447365,5.976006999141366,0.0289407794041913,64.518,0
2020,1,6.79704778576834,1.873797161109501,0.1001937972803173,82.044,0
2020,1,2.9542203631376496,9.39261110690842,2.5247201505373837,86.652,0
2020,1,6.444850615205939,1.433616714939017,-0.9836979166723134,74.908,0
2020,1,2.9795493131686546,13.261129444652772,-4.964633762967754,10.073,0
2020,1,7.842712993067169,11.963137184799896,3.6305439311594903,79.674,0
2020,1,3.9659057438632974,14.205604172165389,1.9439732747991336,36.585,0
2020,1,9.061375361274791,5.2477535413628225,-0.3188760954507321,57.453,0
2020,1,0.5434809834865706,0.547805690720608,-0.6593473880237095,24.676,0
2020,1,2.487970637531479,11.750050378869307,-2.3887315263854414,5.451,0
2020,1,7.505441637537375,11.758793773013098,-0.2051936880899934,43.428,0
2020,1,5.333083624587408,2.213277702430499,-1.2070120732781255,83.336,0
2020,1,1.216052593480571,13.126814885737415,3.449140850182532,18.701,0
2020,1,6.891814104275166,7.974011235268402,-0.7784483507251991,34.368,0
2020,1,0.1001041055913642,8.190748978241489,-0.7535602869095035,60.103,0
2020,2,2.1622700912777972,0.539486343201192,0.4545669539249193,37.421,1
2020,2,9.323227582288776,11.536616152609488,-4.449622911072838,26.212,1
2020,2,5.219530034785639,11.507560776735913,-1.129326866087068,47.713,1
2020,2,1.9230989603362747,0.0587115860308595,0.0636973765220894,14.251,1
2020,2,3.567687116232726,10.873967962794287,3.4141643602534995,66.094,1
2020,2,7.809193563860904,4.25618264940684,-3.785352290928725,57.359,1
2020,2,8.787692497929145,13.43689309342059,2.8251200820582945,75.468,1
2020,2,9.956378335948084,3.4885211138524284,3.005151245984834,6.87,1
2020,2,8.738749555210184,3.545048854031268,-1.9931093237288977,53.822,1
2020,2,6.805581617791015,2.2581688209333706,1.0868422060350094,15.417,1
2020,2,7.659715748551791,10.318651371829866,-3.064566267604274,3.888,1
2020,2,6.328026106615069,13.521702443075691,0.2021268875682924,69.78,1
2020,2,1.0467597053553337,8.422169156050153,-4.328024292476263,51.122,1
2020,2,6.4208650735239905,11.225412501429297,3.612863327547638,61.097,1
2020,2,0.1894540337435457,8.604417869143617,0.6998281904531609,83.262,1
2020,2,0.0092941686996106,12.483586600626625,0.4393641229026821,55.955,1
2020,2,1.4722707441051697,14.963738894189586,-0.0444430962407,58.165,1
2020,2,2.7369845767837098,1.3840350684414415,-3.9021704632959553,71.408,1
2020,2,8.529263838545813,12.636854791776203,-4.0283531803403445,80.45,1
2020,2,7.679699780618315,7.684505413731998,-0.5070417910374552,13.862,1
2020,2,5.704094914036416,4.6433895226961015,-3.39625764833328,11.039,1
2020,2,2.864737377445836,6.023126070079237,3.606518873876169,51.245,1
2020,2,5.322228748561939,0.1600843177325117,-0.3405604907001525,27.146,1
2020,2,8.13147655167985,1.6919537829986542,2.4944678793386545,57.504,1
2020,2,4.892272547499193,5.504972209023312,-2.0610991680068325,16.58,1
2020,2,1.333444673163704,1.5918812784735366,-4.430985195023784,23.742,1
2020,2,7.1536411522888965,13.44709285888943,-2.3270491792349546,42.42,1
2020,2,8.622114233219381,7.350063761465153,-0.8218841709849976,88.553,1
2020,2,7.207251120266789,9.546431156292735,1.018513226178042,35.8,1
2020,2,8.870427444469618,11.21885476967126,-4.633159946054577,80.751,1
2020,2,7.913629191228859,8.028791019439637,-4.817320183903233,60.225,1
2020,2,2.132039313891351,5.084909552423599,-2.221805052946194,17.425,1
2020,2,3.994322790308544,3.2819152736508386,-3.3961586615632866,89.826,1
2020,2,3.608063113780026,2.050834145601987,3.0595296837748283,77.418,1
2020,2,0.2822875965070637,2.16155944549449,-3.852040330018359,65.714,1
2020,2,4.745443501585562,13.913420232285633,-3.918138051199613,58.197,1
2020,2,1.8443519058426496,6.616742461475004,-2.984858745758916,88.571,1
2020,2,0.1569590559627964,14.876683175020396,4.2382720636465265,68.211,1
2020,2,7.44596975963076,14.5355643945383,-0.9580512039111868,81.283,1
2020,2,7.021567651969038,8.117423386509877,-0.6907943564900236,89.998,1
2020,3,3.907551523296371,1.415962138557887,-1.3094384065819598,53.528,1
2020,3,7.582672920560592,9.53141881054458,-0.2788325576675907,20.426,1
2020,3,4.631147138375114,0.9016283411759374,1.152282028002035,87.475,1
2020,3,7.026402058582288,12.550945292156788,-0.6739867404307276,65.286,1
2020,3,9.032980143757106,3.7483140964635018,2.67168140344352,47.771,1
2020,3,6.038509825402779,13.494008921448538,-2.561572700338947,20.676,1
2020,3,7.725162860794041,1.357444666438001,0.0785014313748133,29.352,1
2020,3,7.494260059808086,11.984228431075593,-2.252097355782002,49.515,1
2020,3,6.533834984786806,0.3728927387369124,-3.0031457383182083,39.085,1
2020,3,2.1088622768078813,10.084902149904618,4.478368998469996,45.653,1
2020,3,3.4054483547989687,1.0858409739646553,-4.210981705087989,29.24,1
2020,3,1.111371473320124,3.4224887062635867,1.041089011508472,81.082,1
2020,3,1.356883177922793,3.827733431613461,1.3097044487005816,73.687,1
2020,3,5.79731166134192,2.5368729396626706,3.3904916807935734,67.575,1
2020,3,8.662924359821814,14.77372149025357,-0.2965274128686621,10.084,1
2020,3,2.0778342096169142,10.544875892202292,-2.0337913816608175,39.163,1
2020,3,4.405391598729947,7.554299069604021,2.4717417053965036,75.246,1
2020,3,5.122147076770515,6.1814485306217195,-2.2845523133156087,39.894,1
2020,3,5.234071850674718,4.568630494328526,0.6380339111164428,7.441,1
2020,3,9.032481050951306,13.323137898212236,-2.435944069917161,84.666,1
2020,3,1.4199425935208465,2.619163754733929,-2.4359284181131,61.348,1
2020,3,3.2610785251257344,14.014046871958154,-0.6287572625998763,63.2,1
2020,3,3.4979606180759193,4.37382192241736,0.6748587778359632,86.14,1
2020,3,0.3326797116935842,6.928878063086025,-4.2854861939057765,3.57,1
2020,3,0.0164375711244968,0.8202693113004833,4.496021470336316,55.652,1
2020,3,3.98642494213064,7.9175105634191105,1.457903577950729,8.131,1
2020,3,1.8492029746714431,9.48708303617216,-1.8788053466079544,53.457,1
2020,3,1.186606144745388,14.860688379346575,-4.360886790508589,67.385,1
2020,3,8.29821264717285,6.07822684948918,4.6924060753689965,39.18,1
2020,3,5.865117810374487,6.536015352649614,3.3353963154377375,26.117,1
2020,3,2.617511001344824,4.862027607491945,-2.0328254842095905,15.901,1
2020,3,4.249535190624304,3.4551424815352676,2.3446838587532284,80.384,1
2020,3,6.537867511244616,5.792338778907317,-1.4697573064134462,74.984,1
2020,3,9.955109680158664,7.371108951490026,4.021942901223785,26.102,1
2020,3,3.018093696626937,14.7358583177635,-1.2768519222573484,28.223,1
2020,3,7.973943579077786,1.526317927515236,0.4379849480460782,73.78,1
2020,3,2.9494582404234206,11.862745164497689,0.9568063582311526,9.668,1
2020,3,0.0954335306722664,2.453185302362089,-0.6372434436043353,48.833,1
2020,3,0.7921315000837081,1.399467832151153,-2.7606156669030435,28.933,1
2020,3,3.2432887913696664,1.5809540224371004,2.7215233149311544,81.179,1
2020,3,3.922670415235471,10.087836063572093,1.3562136473200486,63.496,1
2020,3,0.9697876251609538,5.22040444783079,-3.726807377447087,60.184,1
2020,3,1.7302386975116435,7.849386943334925,-2.03054904046428,47.938,1
2020,3,7.466032046442038,9.170355196475736,1.4503133455195014,70.576,1
2020,3,6.669359852039066,12.349029796721585,-4.452127530750863,81.944,1
2020,3,6.894171338713246,7.493237434013739,4.511462314054134,80.758,1
2020,3,7.7689374820487265,14.4153140364782,-4.564050782074056,84.838,1
2020,3,0.1916788752497777,8.188538389002114,4.9224857915557525,21.429,1
2020,3,9.884904844868048,7.505004835140336,-4.320741856336951,54.052,1
2020,3,7.817289890047594,2.203633635343905,1.672186105934589,54.481,1
2020,3,5.0738976508515705,8.196315185401541,-3.8112889440180377,14.16,1
2020,3,5.879023248948146,14.163443690463842,-2.875852674767848,74.942,1
2020,3,8.494644299285554,5.3982389663183215,1.155085552650431,71.248,1
2020,3,6.219367337567093,9.670084291084263,3.1555225403212823,66.265,1
2020,3,6.825992797813054,2.6737521593694504,2.0061381840753887,10.066,1
2020,4,5.040037635963261,4.32246784325927,-3.490840172864702,86.46,1
2020,4,7.75911532807306,5.233056249079356,0.8751247942677907,32.394,1
2020,4,6.3058094158309235,4.891590849581902,-2.7262004580565424,30.549,1
2020,4,8.982380639532352,8.384298604055655,-2.097054843010854,3.737,1
2020,4,6.172188058779008,11.254077442076577,-4.019945851290583,45.381,1
2020,4,4.161453676406067,10.785291647443367,0.1073932950621694,75.009,1
2020,4,8.547034500931975,14.166955318230569,2.879409206729001,38.829,1
2020,4,2.2674118440694455,0.9836860896995449,4.174562218910134,33.856,1
2020,4,6.037969919290961,13.727507069618325,-4.301081881120523,69.313,1
2020,4,0.0805910334211978,12.023091910786132,-2.7975612259713944,28.823,1
2020,4,2.1520447973319277,5.657681876763653,0.7982177310007463,12.218,1
2020,4,1.6333664808905723,7.630379110940639,0.7949418279026119,5.6,1
2020,4,1.2211151592428793,13.412732379248569,4.66056132765199,48.168,1
2020,4,4.827134730769345,14.51609931988629,0.3224580714178069,22.05,1
2020,4,3.840426383911004,7.493496950638992,-0.8843622809896967,51.743,1
2020,4,4.047250638296587,12.116089398010716,-0.24379385691741,24.76,1
2020,4,3.200273165623919,6.841492899938875,-0.3067670295652993,8.615,1
2020,4,3.0301750698203,11.305207733144856,-4.830786565350569,36.822,1
2020,4,6.756213095982433,9.88552021648502,0.8499174870191863,34.653,1
2020,4,2.181743295932732,10.13298552930085,-4.919681361243771,42.116,1
2020,4,6.872955625825176,13.67732390455114,3.2275001476512326,19.057,1
2020,4,6.18610289093939,12.683267932453496,-0.3902794774435119,60.255,1
2020,4,0.6915356771850123,3.7443705661587505,1.0652586705053366,42.632,1
2020,4,7.8321545465667874,0.6939287600999994,-0.1494466904403477,79.864,1
2020,4,2.3307281189083495,13.942585580522232,0.97795832722833,23.709,1
2020,4,6.951874662100657,2.5866958346078865,-4.851310256544803,61.535,1
2020,4,2.4021943320838557,1.3136336012426209,-3.4638144649564886,61.049,1
2020,4,8.726258854858964,9.428160463182916,3.0501129908172366,73.683,1
2020,4,4.846895169363075,14.728579834304142,3.97047388210191,57.327,1
2020,4,0.2686765404493529,13.46847157161378,4.2615833052586805,64.072,1
2020,4,3.560930851664217,12.316175429973615,3.696902012595455,58.467,1
2020,4,7.499536818024079,2.7479736768995227,-0.7770788716416828,65.278,1
2020,4,2.5089031653410476,6.138382202876939,0.885256813933637,24.305,1
2020,4,8.685570282494607,10.271597374187976,0.1944301755443209,43.122,1
2020,4,2.652085369968291,8.924302331712159,4.498989838309829,87.738,1
2020,4,8.509518994068001,13.130568949908495,2.861006466076711,74.279,1
2020,4,3.389447753484487,0.0675672147043299,-1.0611536505838304,80.918,1
2020,4,7.05615304784293,13.54951691083139,1.151265825503117,48.31,1
2020,4,9.258273744435174,2.634002095627761,-0.548889652798719,56.238,1
2020,4,5.99597260044054,12.749813897535155,-0.7542789815964301,28.357,1
2020,4,7.224113844635446,13.770157651415255,-0.6923884163826486,50.646,1
2020,4,9.37661460616592,14.71696793567326,4.2880401999779,56.668,1
2020,4,3.2232482446942488,13.96680677915026,-2.842250035573106,19.96,1
2020,4,2.2308633452897486,7.591246436107664,-4.8410660685999645,53.799,1
2020,4,2.1830311181151227,4.225190317117875,3.0524808696343833,49.117,1
2020,4,8.531758122578005,7.347420908200837,2.306720122398759,76.823,1
2020,4,7.275364272301427,8.774891004087328,0.7926782957519931,83.565,1
2020,4,2.435283388995363,0.0565154182579957,0.2148862170588952,35.58,1
2020,4,3.2774722589612812,13.150263201909723,-1.252490838239063,77.684,1
2020,4,9.176006962619002,5.354059469222025,0.7158891529671916,57.515,1
2021,1,5.579274451507007,6.701755147623173,2.0536269089668195,52.393,1
2021,1,4.310868626232894,12.727233149006096,-3.8652636237256086,51.838,1
2021,1,0.8022224645571407,11.623927084589324,2.701312919289194,29.52,1
2021,1,6.7612539758829024,1.1329990373536143,4.994963504187217,77.13,1
2021,1,1.6811812839929583,11.058288353569573,-2.458222856943425,6.194,1
2021,1,1.263564813145106,6.785295577180744,-3.441193024701943,33.723,1
2021,1,6.870391505824806,9.931677387122688,-0.9459603914907592,60.693,1
2021,1,1.316535887932584,8.260357372059701,0.199981240369218,20.54,1
2021,1,9.031907788344292,12.27889845559662,-4.773955606407734,62.673,1
2021,1,5.410028989276626,13.332826475901292,0.1863869066601253,83.746,1
2021,1,2.7294999473148787,7.111531137634004,-0.4243115232602834,59.088,1
2021,1,8.992603589246896,12.21847818170254,1.6550940875721345,65.726,1
2021,1,8.571916570595887,7.968015702293943,-1.328671646897349,89.678,1
2021,1,1.324046134964546,12.99034786020937,0.4322009436716092,68.911,1
2021,1,6.264570196769271,5.534814189866347,-1.76370875419521,63.012,1
2021,1,7.658290392349098,3.3217633705986755,-1.629972086627415,24.883,1
2021,1,6.522353531324407,4.46518137843558,2.669289263491594,42.3,1
2021,1,6.846261942649663,2.9617322563669757,3.273841936073582,26.653,1
2021,1,2.8825157716736847,1.1571656112909152,3.450816377355016,49.149,1
2021,1,6.761050258143518,8.99828682079162,-1.6358945281673076,52.427,1
2021,1,7.304924774822994,13.434662295957525,3.131433902993365,29.547,1
2021,1,3.851026028230296,6.338090703357823,-3.170760015786871,7.333,1
2021,1,9.571969635192346,4.360834614309976,-2.3048937878170275,28.293,1
2021,1,4.124030604678661,2.5538872818815395,1.001404832134268,8.171,1
2021,1,0.6092872172071995,6.072898344272165,2.8972826180796227,17.937,1
2021,1,2.674152784721077,12.60905434159788,4.304775919636683,87.351,1
2021,1,7.85083657239757,10.145840670823649,-4.935049840007435,21.953,1
2021,1,6.2962834493859265,8.694486873027273,-1.4712264949566602,47.84,1
2021,1,9.041353525781906,3.4470951213399763,-2.2999795521941957,23.577,1
2021,1,4.454529297342878,12.82110927887968,1.5517214317791923,10.101,1
2021,1,7.126656189865445,6.239844119628625,-4.185723112930645,10.645,1
2021,1,3.603940400541112,1.128030431442037,3.427872461139291,67.808,1
2021,1,6.617038454813468,3.660960164508769,3.310363132726856,10.076,1
2021,1,8.56964414776239,4.846066026086268,4.060974496437829,87.042,1
2021,1,3.062678870046147,5.046917438658184,1.658493646001281,28.575,1
2021,1,0.247648775761512,11.161900285715554,-0.3885822211930012,78.147,1
2021,1,4.268583287950896,1.5506701080293983,0.7023796457704812,19.076,1
2021,1,6.3591076570973835,6.554322916255466,4.046560624088297,32.433,1
2021,1,0.7433460888607146,2.656821864036292,-2.38070755151771,51.534,1
2021,1,9.423714394684149,13.197156535795278,-0.0651128626165125,12.684,1
2021,1,8.826154575172458,12.500664366474956,-4.811277454093947,68.064,1
2021,1,0.1366168547060942,0.9428623120857144,-2.810197701084425,45.23,1
2021,1,5.128628793769911,10.06240021163903,-1.866761964232083,11.103,1
2021,1,8.374495950834618,12.761677354989908,1.2951032215264968,9.49,1
2021,1,3.032829394045271,11.3833327521067,-1.807432947521032,5.369,1
2021,1,4.322310595045082,1.5163289126132231,1.8333628128021384,65.552,1
2021,1,4.441839479215043,2.334719891423862,0.7508636138511529,60.926,1
2021,1,0.5257439781100315,2.0510310409385286,1.755998681741251,5.866,1
2021,1,0.2708113367005105,9.130844132673245,-1.7609468343679815,25.027,1
2021,1,2.6511325041514877,1.4236186464911698,-4.047475450956748,12.262,1
2021,1,3.979603463807572,2.175491006248327,4.6146745905101,16.138,1
2021,1,7.495455642210852,5.502088277100085,2.007045761873682,50.93,1
2021,1,1.8944343316740275,14.676665882303544,1.9917743146157283,58.942,1
2021,1,5.132605045704422,10.51138001159574,2.6079450915339795,85.819,1
2021,1,9.528343891705845,3.7339348157189054,1.3942464017657097,18.378,1
2021,1,1.625612059314151,12.696527644609604,2.9849453352656248,19.192,1
2021,1,1.393023387079143,9.575126258716343,-3.6278518803597577,55.167,1
2021,1,6.077784386068872,12.782216217000176,-4.150301625677507,73.56,1
2021,1,9.0286802343215,3.663505505461178,-4.69838628493161,34.432,1
2021,1,7.260613260624744,11.127490705929896,-3.7461877132351953,73.831,1
2021,1,5.277620653364475,4.141779486651872,-0.9860288368730572,16.213,1
2021,1,5.881260654678549,14.086638310990336,-2.9309710514909426,67.934,1
2021,1,1.7488393619486264,11.767584034443258,1.9020666502080197,16.785,1
2021,1,8.824091864437886,8.854697584876028,-1.0804385985784783,66.62,1
2021,1,4.064185410021378,5.887892976267408,-0.332846775960979,21.836,1
2021,1,5.196850311503769,6.519859770766264,-2.5791133371449506,35.191,1
2021,1,3.154163912586835,12.653804183903102,0.7830762947058032,43.332,1
2021,2,7.482328313318959,3.8537142703844007,-4.306046850594579,59.831,1
2021,2,8.23767395799123,2.8903664203945194,3.6287928409922503,70.271,1
2021,2,6.300398784799822,3.991619342539487,1.6480004386708489,10.16,1
2021,2,6.667719097838972,8.421575668996866,2.6424422121981177,86.791,1
2021,2,8.12713619893062,13.781209572063773,0.2651944773323595,33.881,1
2021,2,4.535789999228341,8.205944863776631,-1.8420435549174885,81.604,1
2021,2,4.353936461757356,13.111636770387458,-3.580667892406014,64.526,1
2021,2,5.543374743403449,13.946875839457546,-2.0513437193030306,61.176,1
2021,2,9.485029432181948,9.14533591874352,4.1825816794130635,14.957,1
2021,2,2.781291554866124,2.3094485799975577,-4.825694544979541,79.868,1
2021,2,3.901202346883392,4.308620219622612,-0.2316222514192842,40.918,1
2021,2,6.9968990905870845,8.822155600943972,-0.8973086166828317,13.349,1
2021,2,7.820507692637583,12.271562524826226,-1.9518685535486755,26.485,1
2021,2,3.5833465667167372,7.763991975807116,0.748694951580708,73.207,1
2021,2,4.337705660180175,11.442718535197184,4.299421602290041,39.992,1
2021,2,5.594054257273569,1.0453604509517944,-4.816616109893501,23.501,1
2021,2,1.0559154597664,1.1445368126111932,2.023384341018618,69.758,1
2021,2,1.5177540985110205,0.2011418080818466,4.903744295788625,46.739,1
2021,2,3.238195749024314,6.102339710976975,-1.5198664623650702,49.728,1
2021,2,2.536355555140383,2.5852382121744495,1.4596426249916128,86.324,1
2021,2,0.4246990925653315,13.766379639527411,1.252170586528523,22.352,1
2021,2,0.746384310794288,8.195857008176041,1.7211446009879907,35.259,1
2021,2,7.004317991565038,8.423765414503622,-1.2036913251436565,46.56,1
2021,2,1.0633729734822717,14.732027766542256,3.945232369109725,88.488,1
2021,2,9.027637879645088,1.2013426450674185,-0.0285953624779864,62.261,1
2021,2,7.447367278292099,10.40072850922283,2.9670866754257244,51.11,1
2021,2,0.6090193309949332,7.407737935621504,-3.3286758268641226,28.358,1
2021,2,1.3736174596867423,4.900335337976226,-1.8325281674256504,40.443,1
2021,2,7.731835012587583,8.475487874639247,2.5247309093576,40.574,1
2021,2,4.828512744101047,9.226369310549824,-1.4361756952122606,21.055,1
2021,2,6.059261954142473,9.465512635680732,1.6647019605370508,54.884,1
2021,2,4.822740000815435,5.673101758096169,-4.8432762611127425,52.438,1
2021,2,4.023070413823719,5.589076553656197,2.4166080947631805,16.487,1
2021,2,0.9922959609464675,5.022275170701766,4.189027643456884,54.5,1
2021,2,6.285021702362039,0.2958861969476323,2.444147140355674,83.596,1
2021,2,2.7398878154301807,13.47185752069318,-2.2494555231949964,38.242,1
2021,2,4.016968927597765,8.949868379956353,-2.9195045177489987,62.821,1
2021,2,1.2922380010274936,7.0570997951573515,4.679694455202547,30.424,1
2021,2,2.396457849575566,9.115647123405068,-0.6578140383158253,86.449,1
2021,2,1.389689918866246,13.315865968399812,1.830801734741354,84.457,1
2021,2,4.939791491401879,5.544646764337822,3.3841273116737085,23.995,1
2021,2,3.519297707317768,11.385420720768042,-1.9299981715166603,54.645,1
2021,2,6.318801592468851,5.181917272024032,-2.229544037165776,72.909,1
2021,2,9.477960660144571,8.33557290587919,3.564430446454299,53.553,1
2021,2,6.1368318772874355,9.565542765628932,-3.031882505396929,58.71,1
2021,2,0.783016704795575,6.264585088030541,4.442570396456514,82.118,1
2021,2,4.137060319100304,14.46934283425527,3.4627645466962527,71.745,1
2021,2,5.2173341885324565,7.390114954665044,-2.094364884225447,86.632,1
2021,2,5.941363914775513,5.932200420474852,-1.4996109861404705,6.323,1
2021,2,0.3711331996230227,14.31140872353451,3.9811758360356126,42.113,1
2021,2,9.408762674947088,2.5234626480552462,-0.6891795351650956,41.333,1
2021,2,6.223029790740262,6.874248245794097,3.211420914972102,49.546,1
2021,2,7.286370223168991,8.259199469777153,3.3732743382451797,72.483,1
2021,2,0.158518422318763,13.99965570522508,4.4650242140321,80.614,1
2021,2,2.047194539499989,8.023561295739665,-4.986320156364632,43.301,1
2021,2,6.92514012761193,11.942789226508054,1.2134002142844924,28.992,1
2021,2,2.871647651305574,10.754629103303223,-2.8737525063649274,89.643,1
2021,2,3.4094780164260974,14.359704197870592,2.912977457839455,15.836,1
2021,2,2.9379447065432753,9.448807560918894,2.019535339703258,57.781,1
2021,2,5.039130253806,11.484072273866886,3.8878676671621744,19.744,1
2021,3,7.767904834072271,10.1619503135996,2.779844259884543,20.422,1
2021,3,0.9432742629104364,12.73565638767895,0.3961585060183701,64.934,1
2021,3,7.330036196283533,7.362154519020642,1.6165320046725098,14.844,1
2021,3,8.61045299503312,14.992018413038704,1.0131682433615117,77.385,1
2021,3,7.477943497593724,13.247895793854129,-0.5177198547391102,53.801,1
2021,3,6.163144922328963,10.589778990762277,2.1042471638677993,26.729,1
2021,3,4.7495096526374825,9.409712055153935,-0.0935250065927313,35.398,1
2021,3,0.5522252074302847,7.075481503368143,4.660998727314821,7.789,1
2021,3,8.293142341257594,3.6102238458882807,-0.4909266181104579,35.92,1
2021,3,5.889330749455642,14.59033114891628,0.6264099724809942,52.546,1
2021,3,7.858126454683731,3.401013403475422,-3.068422488790201,8.837,1
2021,3,2.400707404875665,14.368681135734723,-2.435124767928457,5.86,1
2021,3,7.939293858599648,12.00228972587626,2.215538825934612,59.317,1
2021,3,5.3778293474137655,4.595981975429368,-4.65496123501674,43.88,1
2021,3,2.4787335872842364,13.54243960553947,0.997190111102774,44.936,1
2021,3,0.875912974059464,7.088637795657834,1.082132723795752,19.689,1
2021,3,5.527623680335831,12.312603550572764,-2.4975367473706314,8.691,1
2021,3,5.236005471526117,13.317568838893202,-1.58982906880797,13.952,1
2021,3,7.774554671823855,4.823127485968071,1.068598078009285,24.125,1
2021,3,9.944152675588734,11.764197224318536,1.4352416037418925,43.503,1
2021,3,3.078863820162494,1.2364990802848612,3.612334118867375,59.196,1
2021,3,2.56743496309758,13.71789230703084,-3.123890114545753,61.618,1
2021,3,3.150103723767316,3.850208874753952,-4.964224553999687,72.902,1
2021,3,1.6462842825866877,1.1399025947374768,-1.8264591639974337,80.991,1
2021,3,5.429981326052693,10.975193981812229,-1.6961906567036245,14.945,1
2021,3,6.175291150623115,13.318093977769957,-1.2361150355838912,86.845,1
2021,3,3.028298889787422,8.738533638222169,-2.9163921092514267,65.958,1
2021,3,2.4257826607382516,10.22190173137908,2.1921144763378866,20.545,1
2021,3,9.118186286860915,10.942753928596831,0.7302796023172178,77.904,1
2021,3,0.9750769246387524,5.2093149922901185,-4.762232976981138,37.103,1
2021,3,0.6312990920796646,3.9697425749814226,-3.666479932463865,63.752,1
2021,3,7.055627116496911,13.119086917547488,3.5656819648989906,6.376,1
2021,3,7.390914219929531,6.686681213392055,2.226472020610685,68.985,1
2021,3,2.8360792341713625,4.040395509953067,1.447936024607496,85.755,1
2021,3,3.8746646382175665,11.770851227690374,-4.673757785936198,68.792,1
2021,3,5.9643395462566,3.918676986803736,2.44170997182819,44.41,1
2021,3,9.621021041650277,3.888230006579797,-0.8844425345497262,46.167,1
2021,3,7.387435096159303,3.747806941174944,-4.494797733276653,61.204,1
2021,3,7.246962542618245,14.070807803308943,-4.514495727911369,51.821,1
2021,3,3.1599714112522737,3.571278192106764,-4.181384940837061,15.247,1
2021,3,4.502768104415908,10.829654426977962,-4.880955311521497,34.957,1
2021,3,3.41865768798151,14.800451941206358,1.2593303684870696,53.478,1
2021,3,3.5775476329371427,13.55426804698066,-4.3165238181030885,80.248,1
2021,3,9.558431471751636,7.345560477867826,-0.9591947050669064,4.354,1
2021,3,1.8750445711898032,5.110281353622024,-1.1653716545230752,85.124,1
2021,3,2.5398475337625346,4.645922755912978,2.580735014207992,89.677,1
2021,3,9.09743686712684,4.747526688939305,0.4220438871931495,69.794,1
2021,3,1.6355379453018737,12.857894303802086,-1.385489152254583,49.225,1
2021,3,2.203273934375826,8.654509657025566,-1.4989519571543628,16.57,1
2021,3,5.069996201433474,8.445194147574945,-2.7725122972629612,50.565,1
2021,3,7.678763636337114,9.889921919760022,0.7188258826611005,74.333,1
2021,3,6.310493932702206,8.735361825959489,-4.299653763682187,49.38,1
2021,3,6.1974785449156595,5.9220115269442966,-0.4407557568058298,78.4,1
2021,3,9.539367525264089,7.49558510001983,-3.276881627025504,50.191,1
2021,3,9.126050268831104,0.2416232782400545,2.320983698226917,61.63,1
2021,3,5.0003391556960795,5.781316495948179,-2.5776433992419276,55.62,1
2021,3,9.299355940740856,7.972288909567572,4.5731685129055215,65.714,1
2021,3,1.2523002562874674,0.2928385604699118,1.1577631469765226,48.299,1
2021,3,8.456420916244214,10.298797531716492,2.043860785173763,4.982,1
2021,3,6.723482676428648,12.054527207305402,0.4651604501723003,10.838,1
2021,3,6.430609935400296,7.981991093735286,-3.726512236241147,36.799,1
2021,3,4.535728096151748,6.031967325433146,2.529300660048616,16.654,1
2021,3,8.371619641950257,14.413562311934392,-1.6580328846315098,39.583,1
2021,3,7.24786974958386,12.274728174814076,-4.270829880729946,39.114,1
2021,4,4.438591884213011,13.794523620421112,-3.203912611726971,16.368,1
2021,4,6.5470907535629905,9.23177130576609,1.3269604140351294,18.624,1
2021,4,3.089559900681526,5.045185900733729,-1.2475359140594966,17.718,1
2021,4,1.384354933293943,9.26799981618055,-2.3693028616645884,16.418,1
2021,4,0.4234227877238383,12.779538803337626,2.155628273322324,75.59,1
2021,4,4.162180588453493,8.056251833851553,-2.825523659922997,34.016,1
2021,4,9.853038322872855,11.031952928965246,4.789296470169903,27.977,1
2021,4,4.417464916377071,4.248286257145011,2.8629289259627786,63.285,1
2021,4,3.180495725509187,3.116856970571307,-4.8992886516771685,89.805,1
2021,4,5.063303093542678,11.97726364395638,4.658387750583302,57.715,1
2021,4,3.397702422988438,3.409831066050412,-0.0002273503758143,42.095,1
2021,4,1.4225523977681542,10.580345552911773,2.338953708995932,40.832,1
2021,4,9.426591769666304,8.28482246061417,-4.587496765282695,77.996,1
2021,4,5.612556780749241,8.697080177501942,2.7617149204022375,42.913,1
2021,4,1.4430920072160305,12.364019788843118,0.9375075240717958,52.875,1
2021,4,2.042467589121675,5.854318629947047,-3.447233968226694,41.379,1
2021,4,6.48235897382097,7.622532095159448,3.6935284792279592,85.446,1
2021,4,6.580549838612208,1.731044389716122,0.7327668875320352,12.012,1
2021,4,1.0761418475985884,10.208502620410728,-0.8569168766582695,81.167,1
2021,4,3.319982942377652,5.231418710941326,4.4787016861968,53.782,1
2021,4,8.75118044558047,4.645998734190181,4.363469474710833,77.302,1
2021,4,4.922323151824083,6.0596442495462535,4.147539013379598,69.686,1
2021,4,5.941418627564575,6.784710525770032,-0.1319292301675654,45.351,1
2021,4,8.51594319304219,10.51516900642561,4.58122795479613,46.185,1
2021,4,1.2777465278999045,11.45944794488427,-3.766941946785752,83.331,1
2021,4,9.32544589352451,1.552694205091965,2.002146588453342,11.469,1
2021,4,3.2568480206395325,10.027573517264742,4.403118009277517,69.8,1
2021,4,1.9688787177568357,12.44543526625596,4.685135568831981,48.957,1
2021,4,7.396828977631081,11.581342858219276,-2.3484377029468506,63.022,1
2021,4,6.320192084224364,14.15993860065917,0.6309427787249273,14.171,1
2021,4,1.7712714419825404,13.295529706433111,-1.9563221657044905,40.597,1
2021,4,8.248069479798307,14.766629303750523,1.4575957153068773,12.297,1
2021,4,5.757858627744116,8.568208644221963,-2.4310219395543675,18.076,1
2021,4,5.83421519018435,12.3968047868247,4.4583117111586965,37.488,1
2021,4,1.0056273208344435,11.22350574740264,-4.889528547872224,77.543,1
2021,4,4.030313112827367,0.8460203664118571,-3.2530064857910155,71.019,1
2021,4,5.772160730089501,14.63175786202427,3.4197502540627127,3.042,1
2021,4,5.36155386252736,5.398710543230452,-1.826276669325484,36.063,1
2021,4,5.027501916096123,9.072026427659456,-1.761491134429968,77.159,1
2021,4,3.758524651819792,2.1166447249897393,-2.5538732993047484,69.003,1
2021,4,4.144083977184952,14.341992845135534,3.3427789905545566,12.77,1
2021,4,7.111600875277661,5.6741084052430955,-2.3350279998715475,31.38,1
2021,4,6.410248576353546,4.025096869119862,0.945483826116572,10.832,1
2021,4,7.647762421250892,11.90764939301792,0.0723755520755711,45.078,1
2021,4,4.320105589303626,5.85024091121341,-3.805993579236864,7.487,1
2021,4,4.078959373715469,3.031247475118855,3.88008846002638,12.864,1
2021,4,7.274523912861205,13.418968100264578,-4.22404418023851,14.063,1
2021,4,0.1464712727248673,5.9199013192491865,-2.1777140388188885,59.795,1
2021,4,7.700212284558287,4.852316424647191,-0.5041340088822155,30.299,1
2021,4,7.089642671237774,9.999200798914272,4.669513923338476,28.888,1
2021,4,1.54415757539213,4.4842159211967045,1.1593200708666878,8.962,1
2021,4,6.321201219156514,1.571438046771601,-2.2698800445996827,12.554,1
2021,4,1.7788405873449964,9.560887469027024,2.1636905511404354,77.491,1
2021,4,5.364703911884732,6.834245609502609,0.728587516185395,50.219,1
2021,4,7.1370625867670725,8.380941652868085,2.0770262954968377,5.711,1
2021,4,2.6067515774059355,10.258400321665151,-1.710042253120312,33.03,1
2021,4,0.3804917831009091,9.658409126598151,-0.7543876179344284,5.108,1
2021,4,7.292109485008531,7.702469420127859,1.740229943935936,57.933,1
2021,4,0.9142626886170924,8.015783463528948,-4.908900561177983,84.365,1
2022,1,5.788401680355926,9.98786649324416,0.7608087901449379,37.854,0
2022,1,2.462860188105316,3.573141532134242,-3.3066814259305843,89.623,0
2022,1,6.912118093865404,9.875993930655628,4.500691552734061,71.038,0
2022,1,6.189915646985882,8.394252834670858,-4.745793148204751,65.325,0
2022,1,1.984910746053491,11.798752062472598,-1.6318088903254315,30.946,0
2022,1,1.7334305297528083,8.972812499077929,-4.980680857084948,88.997,0
2022,1,4.381767166663552,13.092453512299803,0.5957484195587339,64.271,0
2022,1,3.148258293516488,7.660244766707736,-2.996491485515941,24.248,0
2022,1,8.2042682025902,1.4831001399397703,4.076819452191534,43.95,0
2022,1,6.90405721911072,0.0706863828336173,3.370221306483307,38.788,0
2022,1,8.049637303992546,4.3555231872903075,-4.086461346335634,13.922,0
2022,1,3.1191190553670523,1.0995872717057975,-0.7067865803236373,75.795,0
2022,1,4.113745714125894,0.6475543629441216,4.785783948593739,63.04,0
2022,1,6.662678614790385,6.57762025048455,0.1880831208435349,82.455,0
2022,1,4.8903577530762,14.72171393143694,-0.8907843030616114,12.605,0
2022,1,2.973615313084723,11.454046006320205,1.0372671753513083,51.216,0
2022,1,3.715465113198744,14.493385885587308,-2.4901351447681863,42.727,0
2022,1,0.1290722798099197,1.4678550407467506,0.5074328089107212,16.003,0
2022,1,4.151249395347211,10.181823333903674,1.226260273619194,13.607,0
2022,1,1.6607485233351371,7.035600699989443,-1.0059834125886646,34.3,0
2022,1,0.5917707186354182,0.6018693039151424,-4.8319272017885755,34.236,0
2022,1,7.007255212842638,12.807989902878052,4.103463463086554,33.844,0
2022,1,5.8809363760544695,9.866831700542791,4.921264713522762,21.839,0
2022,1,0.5711716337044326,5.888816255416669,4.972272046291318,63.197,0
2022,1,0.837249378453484,11.014080457960732,-3.1627165965856263,25.3,0
2022,1,3.7394713447906742,10.80152481808712,3.943830763718557,32.485,0
2022,1,9.652096385457352,9.12525069797518,3.7783216789012233,75.265,0
2022,1,4.625935471051531,1.9026589033889576,3.785172090640158,38.674,0
2022,1,4.787048579655226,1.6445442380277964,4.968488878594199,22.897,0
2022,1,9.178408830935531,12.087865580010927,2.5212283824862736,54.115,0
2022,1,5.081417186651943,1.7754334177694702,2.119529880655504,16.181,0
2022,1,4.131073977271442,10.978098795940802,2.559179146251376,29.578,0
2022,1,2.650812843385726,8.837345660906823,-4.283206203246653,83.263,0
2022,1,1.2141490550497214,0.7913492224813623,4.684312758924698,55.268,0
2022,1,3.8555356440131385,9.787270926092363,-3.6785662183013943,65.399,0
2022,1,3.878342695710943,6.501955495996856,-2.280348922219174,55.142,0
2022,1,2.84600382304681,0.2709032963994079,4.530765893580211,86.452,0
2022,1,3.940901527745031,6.0622264766558445,-1.3545802991111344,89.94,0
2022,1,3.1621512256333006,3.624036930600598,3.12296055423481,80.281,0
2022,1,2.525303896364445,14.066124824022332,-0.0148553901094299,15.872,0
2022,1,4.286442792085317,4.954615313353177,1.857030513889372,66.925,0
2022,1,6.288728969881755,14.202638275012738,-2.439555136238721,46.715,0
2022,1,7.956602306614419,4.699140167072681,-2.01619486438531,25.449,0
2022,1,9.30998619712584,14.186769693614336,-3.5744374286506,88.87,0
2022,1,1.1536280130570389,6.429972365842272,1.8885186230066504,30.93,0
2022,1,6.599934501353172,0.9680382576701436,1.3412881086680295,18.029,0
2022,1,2.7114225338058806,9.543282430040172,-2.2245334070197575,40.855,0
2022,1,1.0441536949811805,11.460552347512078,-2.503196120194888,55.89,0
2022,1,4.539261364217959,14.892462381670455,0.2458557907352432,45.873,0
2022,1,9.323481416337108,4.323040407750582,-0.0964955894433918,3.757,0
2022,1,9.72793701656444,7.320573364226249,-3.714960214987903,45.362,0
2022,1,1.248700769059227,7.573122226429606,2.6808654130771625,74.739,0
2022,1,5.739291361229823,11.860543556191706,-2.1433501115327704,64.829,0
2022,1,4.8313464556549945,9.409756175369468,-0.6981413322148704,75.843,0
2022,1,7.52847475091384,6.250422595102002,-3.693755169234086,56.884,0
2022,1,6.4371980632494585,1.2400055697981345,0.2674785243004614,19.506,0
2022,1,7.148984380772886,1.657254419520973,2.3438364135495053,79.729,0
2022,1,1.1576004624632463,11.774334229297612,-4.545353727950742,38.919,0
2022,1,7.655433696892027,11.86159595598051,4.863360621580867,74.531,0
2022,1,0.3134266885886672,11.41019641831449,-3.8470874011639977,31.975,0
2022,1,0.4450903927617133,2.073980158153066,1.4257991580454077,36.762,0
2022,1,1.8356411421693288,11.573571589932463,-1.4981059426915566,12.756,0
2022,1,8.887465168138128,3.28455190658702,3.0309457588063538,15.42,0
2022,1,3.6939116445511377,11.55963790522143,1.1475738874064856,25.854,0
2022,1,9.559031723881825,7.812430958111125,-0.3337924866115314,4.159,0
2022,1,3.837724579774093,0.8350922243096337,-4.3244711702246565,51.241,0
2022,2,3.7912765837564697,13.112533822231024,-3.513274363038179,68.227,0
2022,2,8.542607889973358,7.802022716770273,-0.0977802534625915,68.403,0
2022,2,5.836050370080997,3.964496291606325,-2.329280586509123,25.135,0
2022,2,5.814171055820205,12.10167213759471,0.3339489150680457,13.68,0
2022,2,4.405735280123073,12.182693809391273,-1.9536416770642329,11.916,0
2022,2,2.349942775346916,11.858513290367329,0.6915098065457146,35.6,0
2022,2,5.662150157526166,1.6857907398339105,-1.6320738891789324,84.782,0
2022,2,0.8991624485970229,13.161110180927205,-2.800005277633748,84.459,0
2022,2,2.7893807607347676,4.54018815568132,1.9954447376554647,72.123,0
2022,2,4.709500587725145,8.338680256114806,3.2120020334995463,77.0,0
2022,2,9.638231608784736,13.867414241610794,3.998572818491951,11.933,0
2022,2,0.2784390757741339,4.801652115088518,-0.8373900063992492,26.897,0
2022,2,6.449029052923559,7.584845361453291,3.54746132030725,71.323,0
2022,2,8.912000730636024,9.834441181714762,-3.2256834775040177,5.155,0
2022,2,1.8928364591600944,13.829812139477587,4.982774288732463,54.324,0
2022,2,5.204494041652859,12.620095785090722,-0.6557674063679517,34.558,0
2022,2,6.307174444919292,14.334591925851324,-3.4598367462563373,69.013,0
2022,2,7.261112593446369,0.7175821876055821,0.9368761933702068,82.483,0
2022,2,2.356228511916484,1.931208043135696,2.172635253579271,83.084,0
2022,2,3.1157173958222897,10.428876011331504,4.501807108180417,18.077,0
2022,2,8.62922393510989,11.818964076566502,-3.8240038340129825,4.358,0
2022,2,6.740175348839673,2.2034124586939914,1.714580313003613,29.315,0
2022,2,1.9316000840843273,11.200064471799555,-0.6415963112727399,45.238,0
2022,2,8.555511234358725,2.0547333346429175,3.0137224987545927,79.475,0
2022,2,3.2838549961660535,13.31789024603329,-3.776614240378587,64.915,0
2022,2,0.6971942583372948,12.901102784846891,-3.9184924397633423,16.079,0
2022,2,5.475178840599945,4.80279329106083,0.3662890430180399,14.255,0
2022,2,2.900440281779866,4.691410911327239,-0.9673957877751284,16.51,0
2022,2,4.763223522069043,2.9513816650748343,2.3952443426722443,36.149,0
2022,2,3.1030711579169745,8.736014473019097,2.395102331570648,14.565,0
2022,2,2.3901453466594336,6.528460770141359,-0.62510559136867,70.957,0
2022,2,2.9169345072158603,14.679811220069476,-0.7257719763056354,74.347,0
2022,2,0.3041588080796797,1.950393834751989,3.291951410159383,58.839,0
2022,2,9.61414540423639,6.707407567959954,-2.7442005583890494,28.992,0
2022,2,4.570596592657763,3.1165594415959252,-0.8983623076936267,38.271,0
2022,2,4.722484989451585,0.8883495809491121,1.399306874505247,63.342,0
2022,2,0.5905014445827195,12.64954449228242,-1.3913339801986249,10.139,0
2022,2,5.503512788387511,12.694310047296902,3.348026679544999,4.244,0
2022,2,4.96042726016583,0.6938728389192583,3.081682471887758,28.525,0
2022,2,4.92092010350098,7.458036053348296,4.629539535753299,83.63,0
2022,2,7.222160986736462,6.39818547915114,-0.1029460580200218,35.202,0
2022,2,8.997430784088717,7.250881000231896,3.0394353077605203,71.309,0
2022,2,8.237463879508004,10.464695741695872,-1.6332616574630752,36.479,0
2022,2,3.658992986178076,7.653706497047184,1.988860851170679,17.671,0
2022,2,0.0684074814836355,9.26194121869832,-3.3772742744092534,48.775,0
2022,2,1.3180682989667936,10.618210428548029,2.152214760582009,80.16,0
2022,2,2.0375548584994374,8.282412404565186,3.958542570085303,80.347,0
2022,2,3.902955472127705,9.99954108616863,2.397031344478179,8.037,0
2022,2,7.46419830009849,12.362699994380378,0.8460835955515833,70.238,0
2022,2,6.311170278922348,11.024744574448432,-2.5711376337521097,83.631,0
2022,2,7.0240536586620195,3.992375790767647,-1.2994196395383986,32.513,0
2022,2,2.3437009067787553,11.99517620480402,3.496753074011247,46.308,0
2022,2,4.93543659589453,8.43768178702975,-1.5457979982320138,59.921,0
2022,2,3.833878636319985,13.203719917133457,-3.4573572893484994,70.799,0
2022,2,5.077521518626643,2.8724011489620347,3.466549135022941,13.621,0
2022,2,3.549312009680162,3.841326393576357,3.5021098160198765,26.44,0
2022,2,5.002905186781796,2.087400163619427,-3.666034110591907,83.501,0
2022,2,9.030278734928118,11.47998646401816,-0.5352209231691871,39.044,0
2022,2,8.494699015836623,14.95008912829188,4.449652089861379,86.442,0
2022,3,6.367617170443271,9.441355666756508,-4.4996416356524325,71.895,0
2022,3,8.491790055017042,1.884234197343539,-1.9467410096673363,22.673,0
2022,3,9.38413743858144,5.808690723052124,1.2362783286131602,57.818,0
2022,3,2.005529778452665,12.616609634083051,4.804143602328068,40.79,0
2022,3,9.132326804214564,6.249540561206258,-1.8642486793596924,5.452,0
2022,3,5.850784422062031,6.154392044159199,-4.21181922757216,29.245,0
2022,3,6.192390320535816,12.561763422521008,3.152063775656499,27.507,0
2022,3,8.448623274896327,6.01878874805592,-4.932144470231724,63.886,0
2022,3,1.980955167202896,9.811163294336213,0.6777695643187815,43.205,0
2022,3,4.104957940605546,10.084239787697282,-3.7576329444419097,38.539,0
2022,3,6.563858593847672,9.253271339477724,0.7937972734794876,77.586,0
2022,3,0.3493924640598844,12.131894597890408,0.0464105594807531,22.575,0
2022,3,4.464419217965487,1.1749058272382769,-0.307100890625172,64.726,0
2022,3,0.932714467781699,3.634399938006998,2.429087199537224,60.755,0
2022,3,9.430618974069716,3.867163110350064,-4.788276362646215,54.319,0
2022,3,1.263864224056671,4.6440111762825005,4.654422207387105,63.616,0
2022,3,3.227265727266384,4.207917327831014,-0.0540222933053513,57.512,0
2022,3,0.0018652817066311,6.131895259067589,2.1345736043404404,37.961,0
2022,3,5.5835231506411365,9.797807837367188,0.4418215423130078,17.248,0
2022,3,5.035469815118861,1.8438281999845911,3.734731710560043,48.389,0
2022,3,8.835647283701904,2.4541263126556827,1.3299944384692797,54.337,0
2022,3,6.625679177387851,3.828486515164251,-4.269482231893394,19.143,0
2022,3,0.824059718619482,0.5861802900293278,3.0100824319791606,74.885,0
2022,3,1.0540528595616694,13.925036580084328,3.5125784869960732,40.377,0
2022,3,5.5382344063372555,0.8218057188532324,-3.344592051769127,79.67,0
2022,3,5.34966673409444,9.040049414167576,-0.0136649355972107,43.075,0
2022,3,7.179326909401018,2.79867748880462,1.99208677537377,72.434,0
2022,3,2.45550625944491,11.725306466495962,0.38194371684403,20.601,0
2022,3,9.85768249585741,2.1765836009467536,4.117732818386994,4.949,0
2022,3,1.0612558549099549,0.3923751348512977,-3.264393199271811,56.326,0
2022,3,2.813506218538416,10.956243975296031,0.4781158472480262,75.495,0
2022,3,2.303866393858894,13.930940539160034,-2.1407955836036807,16.527,0
2022,3,3.597198619102696,10.264929756829,-2.718222828708289,55.967,0
2022,3,6.50833221561485,12.234983112219506,3.81544450405932,14.352,0
2022,3,5.341396961356972,13.079776443674357,3.4247803820156477,61.552,0
2022,3,5.314792462818208,14.013799486445416,4.43234283346969,56.374,0
2022,3,5.142270112659776,14.989744022845692,4.043328475325399,86.557,0
2022,3,7.517945873672564,4.409420646154475,-1.9443693897857008,19.283,0
2022,3,6.728316899204301,0.382090376026607,-4.229680000158861,81.565,0
2022,3,2.1772889968293354,13.566021547754286,-4.196835520547549,31.205,0
2022,3,2.368494705965462,6.370185186276878,-3.700295633811874,59.172,0
2022,3,5.091579655626026,6.313158746148092,2.4337916497561576,51.737,0
2022,3,2.101919687188464,5.608918045601757,0.4936455144426865,43.95,0
2022,3,3.2005672688529097,5.876576130180047,-2.075259667764425,76.251,0
2022,3,7.784284067813999,7.717904048733607,-0.8208231516856204,88.535,0
2022,3,5.280680809320789,3.758723648912892,3.7763887158777503,10.899,0
2022,3,6.028463803956364,10.787670360779694,-2.7355623789610783,69.113,0
2022,3,4.713217941050684,8.008926607486515,0.8735820621889516,84.393,0
2022,3,0.9363289333362924,2.2956389574573195,-0.2046944727871116,10.702,0
2022,3,8.94007197916806,1.890831470410551,-3.2437521867116184,68.252,0
2022,3,4.527543377087401,3.3735895582773354,4.607401095862501,83.893,0
2022,4,3.4696265973455844,6.322667737654358,-3.622370706014803,64.109,0
2022,4,2.5823101966616004,6.216510704524971,-3.258158119319833,51.242,0
2022,4,7.068378557805412,6.60561334537816,-1.0426313663328135,21.409,0
2022,4,8.684107879413821,14.316341704816107,-3.3537275343458486,46.95,0
2022,4,6.8345377740750894,2.178375298728736,-4.258912506996118,12.457,0
2022,4,8.918931032565625,12.820125620763951,-2.812596768959069,17.396,0
2022,4,8.266183455024887,13.019499630031968,1.0411562498094948,79.514,0
2022,4,7.537340704280045,11.890388592740669,-1.0730088664105866,89.706,0
2022,4,1.8913910002298464,8.56999507457893,-0.7500475958013677,30.729,0
2022,4,2.9377590617439076,5.3830303649078814,0.2298151510583252,31.155,0
2022,4,4.556191564372516,5.088560107933005,-3.5909605631201647,62.618,0
2022,4,3.131632018297771,3.654578540183744,-4.264187055103092,12.445,0
2022,4,9.894317657796316,9.997887476780756,-4.16798183491065,26.055,0
2022,4,0.7643986103944767,8.964197863986907,-2.253125060125832,71.625,0
2022,4,7.7357210173072035,10.347355393464564,2.359019858685248,19.146,0
2022,4,2.7438460520258747,4.111247934614935,4.102717712539498,50.376,0
2022,4,6.193434541369114,12.757674779656,0.2187511037357694,23.782,0
2022,4,1.7129495782167037,10.13838934245316,-4.460302385726083,77.624,0
2022,4,5.070824240602667,3.9903206509320266,0.192267441895277,86.04,0
2022,4,0.0134627095656369,0.8741295234086172,0.2313011290622437,18.38,0
2022,4,2.987828710542516,4.592938807231218,-0.1974599891384532,18.839,0
2022,4,6.5190086556246065,6.304999641477639,-0.2190298118177844,60.702,0
2022,4,8.324171834102527,14.153297184741142,0.05226477801674,88.107,0
2022,4,9.157882394541272,7.2002776476693136,-4.956559322159101,65.878,0
2022,4,4.226560337889583,13.01462422080335,-0.7724122291176183,86.171,0
2022,4,0.9130880254467022,3.8042344145784623,3.8171267146529697,85.949,0
2022,4,1.8117185085002008,5.762411369301938,0.739504229932586,5.589,0
2022,4,2.083995736183316,0.4285637658601565,-4.911681565772655,66.815,0
2022,4,3.285581498857985,5.744060734374257,-3.389537850393199,51.671,0
2022,4,2.7686996949201226,6.557580743402658,2.4975287869703813,4.663,0
2022,4,9.508186599164317,7.06625594225888,2.7196443434988353,19.543,0
2022,4,8.2915064028414,13.69181078079788,4.791033942522734,28.412,0
2022,4,6.91416057513152,10.922750357827232,-4.67981946680549,41.345,0
2022,4,2.741203638192007,10.110110346940669,4.936354484929419,81.731,0
2022,4,8.983552751676653,4.035783431132444,1.3045829724242433,25.97,0
2022,4,7.7441949460630335,13.674580346029552,3.658422887495817,46.881,0
2022,4,3.5019868102321903,14.315953530502114,4.693172032693367,42.605,0
2022,4,6.274678987660728,10.427946895548168,-1.4836502666215123,79.19,0
2022,4,2.355882282446775,11.366024167534404,0.6904364999566628,57.909,0
2022,4,4.668780991231044,6.798925250725847,1.683652265904331,41.596,0
2022,4,9.38876975142273,5.861294768505062,-1.5349911263425495,58.43,0
2022,4,1.8879402777344445,12.45288844604357,-1.9340092347512448,61.735,0
2022,4,7.851898844228414,9.24691317343196,3.024517454814937,23.893,0
2022,4,2.627209435613028,2.5781055380887024,-3.693511683033517,59.437,0
2022,4,8.17191050726641,6.732475397709728,-3.6094087420607046,10.802,0
2022,4,2.607087741328522,4.313250591381649,-1.5236491302379864,48.097,0
2022,4,6.284069576409897,3.952607302812853,2.999916725555348,72.998,0
2022,4,0.5709433790794372,7.456339640261956,-3.7075230601077394,56.025,0
2022,4,9.665589185551433,4.5900146037475125,-1.171347845164611,53.998,0
2022,4,1.027682426497818,1.8116928364886808,3.3339131410460414,7.803,0
2022,4,2.393322865473586,8.85571447805791,-0.5249103431366011,72.815,0
2022,4,0.0704291462414186,2.7738902815922617,1.5974501840663224,54.715,0
2022,4,7.274770779964967,11.391430574347298,-1.5713126047258503,89.544,0
2022,4,6.219807900938741,9.789201026210302,4.2470899204557035,72.625,0
2022,4,5.251538941116284,3.5814884100595994,3.2793432485185683,33.985,0
2022,4,5.412382144338301,13.723949049439238,-2.25030633547051,8.446,0
2022,4,1.8289305306866863,10.407680794083994,-0.9866405690057398,7.435,0
2022,4,9.453070402516367,13.1073273174338,2.405189396178674,19.593,0
2022,4,4.836908231467939,10.51226943958019,4.338180168072821,87.719,0
2023,1,4.806,8.888,4.388,87.678,0
2023,2,4.646,8.533,4.364,87.607,0
2023,3,4.717,9.322,4.317,87.77,0
2023,4,3.513,7.847,4.342,87.196,0
2024,1,4.631,8.296,4.24,87.29,0
2024,2,4.439,8.449,4.387,87.223,0
2024,3,4.332,8.374,4.333,87.256,0
2024,4,4.601,8.388,4.272,87.168,0
2025,1,4.929,8.61,4.271,86.851,0
2025,2,3.836,7.96,4.292,86.263,0
2025,3,4.455,7.494,4.366,86.315,0
2025,4,4.428,8.125,4.218,86.099,0